time,episodes
1602776690.217359,1
1602776690.2888093,2
1602776690.4743054,3
1602776690.997713,4
1602776691.8490756,5
1602776697.7248049,6
1602776703.762658,7
1602776710.0128117,8
1602776716.002121,9
1602776722.0064418,10
1602776728.909823,11
1602776735.559762,12
1602776741.644295,13
1602776742.0435696,14
1602776742.441623,15
1602776742.8263743,16
1602776743.2379694,17
1602776743.6429431,18
1602776744.039637,19
1602776744.4394705,20
1602776744.8330429,21
1602776745.2317317,22
1602776745.6269593,23
1602776746.0293703,24
1602776746.4373322,25
1602776746.864123,26
1602776747.266413,27
1602776747.64622,28
1602776748.031746,29
1602776748.418141,30
1602776748.890077,31
1602776749.314096,32
1602776749.7534792,33
1602776750.1897695,34
1602776750.6493087,35
1602776751.0817325,36
1602776751.506093,37
1602776751.9484954,38
1602776752.3960292,39
1602776752.85379,40
1602776753.3422265,41
1602776753.7696846,42
1602776754.1955001,43
1602776754.6940846,44
1602776755.1397135,45
1602776755.583732,46
1602776755.9918976,47
1602776756.4462047,48
1602776756.907642,49
1602776757.3391595,50
1602776757.8185246,51
1602776758.3377223,52
1602776758.811936,53
1602776759.2473316,54
1602776759.6661556,55
1602776760.1247883,56
1602776760.5842094,57
1602776761.0263004,58
1602776761.4950917,59
1602776761.9207203,60
1602776762.3359542,61
1602776762.7584262,62
1602776763.2218027,63
1602776763.674966,64
1602776764.122541,65
1602776764.5770974,66
1602776764.9969316,67
1602776765.422405,68
1602776765.8562624,69
1602776766.2726436,70
1602776766.7463958,71
1602776767.233986,72
1602776767.7395723,73
1602776768.2302263,74
1602776768.73887,75
1602776769.274559,76
1602776769.803924,77
1602776770.2730083,78
1602776770.6944594,79
1602776771.1575375,80
1602776771.6121926,81
1602776772.0496552,82
1602776772.522015,83
1602776772.9631662,84
1602776773.3815048,85
1602776773.8432817,86
1602776774.3086102,87
1602776774.828915,88
1602776775.2995808,89
1602776775.7921064,90
1602776776.2570868,91
1602776776.8220139,92
1602776777.4628873,93
1602776778.0754778,94
1602776778.686926,95
1602776779.3013406,96
1602776779.923908,97
1602776780.5322802,98
1602776781.1512854,99
1602776781.7551146,100
1602776782.3767943,101
1602776782.9958453,102
1602776783.5822854,103
1602776784.169448,104
1602776784.7706718,105
1602776785.3798547,106
1602776786.001799,107
1602776792.2633052,108
1602776798.6173978,109
1602776804.73823,110
1602776810.9454615,111
1602776817.1895614,112
1602776823.2767012,113
1602776824.3017561,114
1602776830.4573286,115
1602776837.066157,116
1602776838.5681946,117
1602776844.8559816,118
1602776851.0841677,119
1602776857.3426635,120
1602776858.973693,121
1602776865.4543836,122
1602776866.7839293,123
1602776868.061065,124
1602776869.0853846,125
1602776870.188652,126
1602776877.2168088,127
1602776878.4957194,128
1602776880.1461298,129
1602776886.4484184,130
1602776887.7566752,131
1602776893.9852877,132
1602776900.6435301,133
1602776907.5093217,134
1602776914.673013,135
1602776915.888253,136
1602776922.560635,137
1602776924.0502694,138
1602776925.1538587,139
1602776931.740333,140
1602776938.3392015,141
1602776945.3066857,142
1602776951.5968058,143
1602776957.8505912,144
1602776964.1225202,145
1602776970.2960148,146
1602776976.792679,147
1602776983.4456377,148
1602776989.7535207,149
1602776990.9426012,150
1602776997.2431877,151
1602777003.6100206,152
1602777009.9494855,153
1602777011.0572336,154
1602777017.5021482,155
1602777018.9750736,156
1602777026.0238328,157
1602777033.2178473,158
1602777039.9561584,159
1602777046.523836,160
1602777052.969215,161
1602777059.3786952,162
1602777060.3764424,163
1602777066.7850904,164
1602777067.7010252,165
1602777068.7229226,166
1602777069.477493,167
1602777076.2228642,168
1602777082.6933813,169
1602777089.3288407,170
1602777096.4381762,171
1602777102.916413,172
1602777104.1371834,173
1602777110.497455,174
1602777111.5989184,175
1602777118.1220257,176
1602777124.7484922,177
1602777131.1919684,178
1602777132.373714,179
1602777138.7937248,180
1602777145.2243795,181
1602777151.700342,182
1602777153.0059273,183
1602777159.4198487,184
1602777160.8689628,185
1602777167.4553916,186
1602777173.9319284,187
1602777180.512368,188
1602777187.6406095,189
1602777194.1027265,190
1602777200.5502892,191
1602777201.7177236,192
1602777202.8121438,193
1602777204.0380638,194
1602777205.1625447,195
1602777206.5608354,196
1602777213.1123972,197
1602777213.792009,198
1602777214.4128754,199
1602777215.2188556,200
1602777215.8853142,201
1602777216.4761503,202
1602777216.9404342,203
1602777217.4798222,204
1602777218.004083,205
1602777218.8146155,206
1602777219.5853038,207
1602777220.081833,208
1602777220.6765122,209
1602777221.4191597,210
1602777222.0455925,211
1602777223.1154659,212
1602777223.8555846,213
1602777225.0164342,214
1602777225.8771436,215
1602777226.8961527,216
1602777228.4011273,217
1602777229.4037323,218
1602777230.9352262,219
1602777232.8616438,220
1602777234.5600579,221
1602777236.1247253,222
1602777237.7033322,223
1602777239.8561685,224
1602777241.397581,225
1602777242.9129732,226
1602777249.583482,227
1602777250.816369,228
1602777257.7410252,229
1602777264.7674837,230
1602777271.227385,231
1602777277.6575544,232
1602777284.5678587,233
1602777286.0833702,234
1602777293.5306563,235
1602777294.6196754,236
1602777295.7892175,237
1602777296.4772072,238
1602777297.140277,239
1602777298.1435223,240
1602777299.1325514,241
1602777299.8105633,242
1602777300.2665095,243
1602777300.7276678,244
1602777301.2014575,245
1602777301.7036448,246
1602777302.1521897,247
1602777302.5883412,248
1602777303.019424,249
1602777304.1329043,250
1602777305.2377849,251
1602777306.3816955,252
1602777307.4984062,253
1602777308.523459,254
1602777309.5233288,255
1602777310.179609,256
1602777311.191689,257
1602777312.2158496,258
1602777312.9828508,259
1602777313.9924226,260
1602777314.9637012,261
1602777315.6289577,262
1602777316.6049976,263
1602777317.2652564,264
1602777317.9291275,265
1602777318.6086779,266
1602777319.7239158,267
1602777320.8272102,268
1602777321.9583864,269
1602777323.0200691,270
1602777324.0225918,271
1602777324.7015724,272
1602777325.7412426,273
1602777326.701252,274
1602777327.673172,275
1602777328.63363,276
1602777329.6103694,277
1602777330.7529087,278
1602777331.8669355,279
1602777333.064024,280
1602777334.1687052,281
1602777335.216062,282
1602777335.6725159,283
1602777336.1406677,284
1602777336.6022937,285
1602777337.054398,286
1602777337.497282,287
1602777338.0206606,288
1602777338.5231318,289
1602777338.9785147,290
1602777339.9742346,291
1602777340.9562964,292
1602777341.986514,293
1602777342.6255937,294
1602777343.5922036,295
1602777344.767811,296
1602777345.788181,297
1602777352.3357852,298
1602777354.5722167,299
1602777355.247657,300
1602777356.0534163,301
1602777357.4315035,302
1602777364.0313666,303
1602777365.4101613,304
1602777365.8617501,305
1602777367.0445547,306
1602777368.1640923,307
1602777369.3396826,308
1602777371.1091921,309
1602777372.7897367,310
1602777380.097209,311
1602777381.175826,312
1602777388.0311852,313
1602777389.3890152,314
1602777390.7113037,315
1602777392.110997,316
1602777399.5802968,317
1602777406.6865478,318
1602777407.1424513,319
1602777408.227213,320
1602777408.8085043,321
1602777415.4502642,322
1602777422.2341323,323
1602777423.5454686,324
1602777423.923119,325
1602777430.6813836,326
1602777437.3852754,327
1602777438.200553,328
1602777438.625206,329
1602777446.1497052,330
1602777446.6919777,331
1602777447.3797424,332
1602777448.320068,333
1602777449.631666,334
1602777456.9114704,335
1602777463.4731143,336
1602777463.9174066,337
1602777470.4915988,338
1602777477.2078385,339
1602777484.2151148,340
1602777485.6590838,341
1602777492.2695723,342
1602777498.9000604,343
1602777505.6074634,344
1602777512.3335066,345
1602777513.7759173,346
1602777521.047315,347
1602777522.3387928,348
1602777528.9096642,349
1602777536.283017,350
1602777542.880713,351
1602777549.565836,352
1602777556.098491,353
1602777557.3060508,354
1602777563.964747,355
1602777570.626231,356
1602777571.584579,357
1602777578.2119083,358
1602777579.4452605,359
1602777580.8465185,360
1602777587.4740658,361
1602777594.2890608,362
1602777594.7584138,363
1602777601.387254,364
1602777608.2676456,365
1602777614.8688893,366
1602777621.4359908,367
1602777622.6628187,368
1602777629.246587,369
1602777635.8649836,370
1602777636.37422,371
1602777636.8585064,372
1602777638.025433,373
1602777644.7494807,374
1602777651.5284905,375
1602777652.7257018,376
1602777659.410098,377
1602777666.939609,378
1602777667.4175177,379
1602777674.4843845,380
1602777681.4004102,381
1602777688.486931,382
1602777695.5312674,383
1602777702.3134482,384
1602777702.8718755,385
1602777704.136631,386
1602777710.9088206,387
1602777717.7175689,388
1602777725.0888672,389
1602777731.819891,390
1602777738.498889,391
1602777738.9187894,392
1602777745.7079234,393
1602777746.689092,394
1602777747.7376077,395
1602777754.5977166,396
1602777761.4672055,397
1602777768.251948,398
1602777775.0604715,399
1602777776.0674596,400
1602777783.471618,401
1602777790.7515755,402
1602777797.6745098,403
1602777804.6603982,404
1602777805.1852279,405
1602777811.9168453,406
1602777819.0385897,407
1602777826.0739424,408
1602777832.8801072,409
1602777833.2915933,410
1602777840.206608,411
1602777847.169076,412
1602777853.943534,413
1602777861.1830711,414
1602777868.0860977,415
1602777874.812494,416
1602777876.3765,417
1602777883.3401113,418
1602777884.4391348,419
1602777891.2572002,420
1602777898.0350323,421
1602777905.1743908,422
1602777911.9576077,423
1602777918.819515,424
1602777925.9318593,425
1602777927.0771682,426
1602777933.961518,427
1602777941.5849605,428
1602777948.6820529,429
1602777955.6559796,430
1602777962.9115775,431
1602777969.8652668,432
1602777970.4672225,433
1602777971.7804687,434
1602777978.6061141,435
1602777985.7049882,436
1602777992.8801775,437
1602777993.9967027,438
1602778001.4028883,439
1602778002.4127936,440
1602778009.4720447,441
1602778010.683045,442
1602778017.7157893,443
1602778018.2418609,444
1602778025.1929748,445
1602778032.1250312,446
1602778039.1916258,447
1602778046.2163303,448
1602778053.48319,449
1602778060.641151,450
1602778067.8088255,451
1602778075.0032072,452
1602778082.2059555,453
1602778082.7494988,454
1602778083.5995343,455
1602778084.5764747,456
1602778092.2246926,457
1602778099.5472925,458
1602778106.5554552,459
1602778113.535081,460
1602778114.124489,461
1602778115.5163004,462
1602778122.5816364,463
1602778123.550207,464
1602778124.104561,465
1602778125.650449,466
1602778132.556251,467
1602778139.5079095,468
1602778141.0204573,469
1602778148.0506785,470
1602778155.2333632,471
1602778162.5555422,472
1602778163.5844924,473
1602778165.0047798,474
1602778172.756577,475
1602778179.8896453,476
1602778180.388216,477
1602778187.521764,478
1602778188.485799,479
1602778189.880877,480
1602778197.117294,481
1602778198.6300397,482
1602778205.6980553,483
1602778212.859848,484
1602778220.0787024,485
1602778227.3983116,486
1602778234.5734334,487
1602778242.0340233,488
1602778249.229153,489
1602778256.8173997,490
1602778264.0371377,491
1602778271.2117357,492
1602778278.4383383,493
1602778285.4631248,494
1602778286.6565168,495
1602778293.8383815,496
1602778301.532637,497
1602778308.647588,498
1602778309.1925821,499
1602778316.3203747,500
1602778323.6589725,501
1602778330.8523736,502
1602778331.9313612,503
1602778339.2786605,504
1602778346.495132,505
1602778353.719814,506
1602778360.855223,507
1602778368.0685499,508
1602778370.6034126,509
1602778377.7865837,510
1602778378.2789035,511
1602778379.658587,512
1602778386.877741,513
1602778387.9428039,514
1602778395.6018891,515
1602778402.8667145,516
1602778410.1178205,517
1602778417.3261395,518
1602778418.158365,519
1602778425.6441526,520
1602778426.3686972,521
1602778433.6688643,522
1602778435.847959,523
1602778443.011103,524
1602778444.1922822,525
1602778445.582354,526
1602778452.824069,527
1602778453.5756037,528
1602778455.07991,529
1602778455.8433938,530
1602778463.368788,531
1602778464.0345802,532
1602778464.9608274,533
1602778472.4640174,534
1602778473.4078665,535
1602778480.7756906,536
1602778488.1995256,537
1602778495.5554686,538
1602778495.5554738,538
1602778503.1632798,539
1602778510.4072926,540
1602778517.9512784,541
1602778525.2322438,542
1602778532.560643,543
1602778534.012042,544
1602778534.7540772,545
1602778542.1082528,546
1602778543.3902018,547
1602778551.3698833,548
1602778559.023903,549
1602778567.4370468,550
1602778574.9700496,551
1602778582.2948601,552
1602778582.9134274,553
1602778583.75532,554
1602778591.490924,555
1602778598.9245791,556
1602778606.3919265,557
1602778613.8527262,558
1602778621.2875185,559
1602778628.7428288,560
1602778636.2013023,561
1602778643.65227,562
1602778651.0335555,563
1602778658.413878,564
1602778659.7878478,565
1602778660.508839,566
1602778667.9246535,567
1602778669.2731898,568
1602778669.8934987,569
1602778677.4243722,570
1602778685.2686238,571
1602778693.3401222,572
1602778701.168705,573
1602778708.679619,574
1602778709.5884478,575
1602778710.6845798,576
1602778718.2651436,577
1602778725.7098842,578
1602778733.229204,579
1602778734.1035404,580
1602778734.799196,581
1602778743.2054386,582
1602778751.19802,583
1602778758.9357781,584
1602778759.7625518,585
1602778767.6400805,586
1602778776.0923843,587
1602778778.1313488,588
1602778779.9260635,589
1602778787.5996175,590
1602778795.0716372,591
1602778796.2831314,592
1602778803.9427495,593
1602778811.67733,594
1602778812.252727,595
1602778814.317339,596
1602778815.7345452,597
1602778823.360269,598
1602778831.0201933,599
1602778839.6955116,600
1602778847.7548091,601
1602778855.5114186,602
1602778863.258348,603
1602778870.875748,604
1602778879.20556,605
1602778879.7542877,606
1602778887.9065459,607
1602778888.5581393,608
1602778889.1758559,609
1602778897.086684,610
1602778904.7314987,611
1602778912.8862007,612
1602778914.1757991,613
1602778921.8430748,614
1602778929.5381188,615
1602778938.0908751,616
1602778938.9455144,617
1602778939.779003,618
1602778947.813473,619
1602778955.398478,620
1602778956.708711,621
1602778964.791684,622
1602778972.4502335,623
1602778980.1263273,624
1602778987.7907648,625
1602778988.6659796,626
1602778996.4585469,627
1602778997.6677153,628
1602779005.3480089,629
1602779006.8100462,630
1602779014.6245506,631
1602779022.7543142,632
1602779030.895293,633
1602779031.9380467,634
1602779033.005307,635
1602779040.7957053,636
1602779048.5063648,637
1602779056.200534,638
1602779063.829621,639
1602779071.718436,640
1602779072.8811574,641
1602779080.8436518,642
1602779089.235277,643
1602779097.4261608,644
1602779105.136297,645
1602779112.8419213,646
1602779121.2306483,647
1602779122.0462575,648
1602779122.6544487,649
1602779131.336299,650
1602779139.3969405,651
1602779147.1739511,652
1602779155.6052225,653
1602779163.6528986,654
1602779171.7198477,655
1602779179.8728604,656
1602779187.9778914,657
1602779195.8589349,658
1602779197.3842611,659
1602779205.9114034,660
1602779213.6644938,661
1602779221.5101504,662
1602779229.3629296,663
1602779237.26151,664
1602779244.9805844,665
1602779246.4915977,666
1602779254.4600897,667
1602779262.8999133,668
1602779272.022369,669
1602779273.7107635,670
1602779281.8936028,671
1602779283.3820148,672
1602779291.8403018,673
1602779300.4357662,674
1602779301.4299467,675
1602779309.3982065,676
1602779317.3948982,677
1602779325.4070039,678
1602779333.2832408,679
1602779341.1965175,680
1602779341.7025623,681
1602779350.2397459,682
1602779359.566201,683
1602779368.194961,684
1602779377.3583791,685
1602779385.5173707,686
1602779393.594673,687
1602779394.5231476,688
1602779402.5436118,689
1602779410.8714836,690
1602779411.6812792,691
1602779419.835817,692
1602779421.54371,693
1602779429.5368488,694
1602779431.4239585,695
1602779433.1007967,696
1602779434.9575434,697
1602779442.9938262,698
1602779444.7142665,699
1602779446.5706632,700
1602779454.930056,701
1602779463.166053,702
1602779471.2629235,703
1602779479.283393,704
1602779480.9820933,705
1602779489.0553226,706
1602779497.5301847,707
1602779505.6288965,708
1602779513.7141385,709
1602779521.7624192,710
1602779529.9402637,711
1602779538.0926154,712
1602779546.0983353,713
1602779554.2038229,714
1602779562.3461328,715
1602779570.4423084,716
1602779578.4655793,717
1602779579.637311,718
1602779587.807932,719
1602779595.9341888,720
1602779604.2071452,721
1602779612.4055393,722
1602779614.2895024,723
1602779615.7156723,724
1602779623.961815,725
1602779625.2205267,726
1602779626.8271148,727
1602779628.3787785,728
1602779629.4553645,729
1602779630.3098223,730
1602779632.015427,731
1602779633.790938,732
1602779635.8713653,733
1602779636.5606565,734
1602779637.7547998,735
1602779639.0057786,736
1602779640.0266602,737
1602779641.2296648,738
1602779641.96262,739
1602779643.2569046,740
1602779644.6418607,741
1602779646.8329444,742
1602779648.2796514,743
1602779656.507562,744
1602779664.8235807,745
1602779673.3982635,746
1602779674.341276,747
1602779682.8753743,748
1602779685.0124426,749
1602779693.1847901,750
1602779701.4790554,751
1602779709.9651024,752
1602779718.2061045,753
1602779719.7917159,754
1602779720.7086446,755
1602779729.1067624,756
1602779730.1160386,757
1602779731.2563384,758
1602779732.386171,759
1602779740.9091783,760
1602779742.159198,761
1602779743.3892436,762
1602779744.2037508,763
1602779745.9427917,764
1602779746.5617614,765
1602779747.652226,766
1602779748.2702723,767
1602779748.880555,768
1602779749.7852771,769
1602779750.472405,770
1602779751.270863,771
1602779751.8786798,772
1602779752.7255716,773
1602779753.4077704,774
1602779761.639183,775
1602779762.3037455,776
1602779763.4469225,777
1602779764.2205875,778
1602779772.622074,779
1602779773.3458703,780
1602779774.0433164,781
1602779774.844042,782
1602779783.1924765,783
1602779784.5943577,784
1602779786.227505,785
1602779794.8518996,786
1602779796.2875562,787
1602779797.2253888,788
1602779798.8210633,789
1602779799.9414892,790
1602779801.182198,791
1602779802.5976963,792
1602779811.75274,793
1602779820.2719831,794
1602779821.9046695,795
1602779830.9756367,796
1602779833.151109,797
1602779834.718873,798
1602779836.4803655,799
1602779837.8244402,800
1602779839.5903268,801
1602779847.7858794,802
1602779856.2112663,803
1602779864.4479482,804
1602779865.4387026,805
1602779866.7793078,806
1602779867.9068558,807
1602779876.1823654,808
1602779884.4778469,809
1602779885.372573,810
1602779886.340324,811
1602779887.638238,812
1602779895.9836383,813
1602779904.2345324,814
1602779905.8273582,815
1602779914.1627603,816
1602779915.5891738,817
1602779924.0101917,818
1602779924.7115915,819
1602779926.0764625,820
1602779934.5261686,821
1602779942.8449688,822
1602779944.154375,823
1602779946.1083813,824
1602779947.0057578,825
1602779955.5027537,826
1602779956.8183906,827
1602779958.32286,828
1602779961.1179423,829
1602779962.8198988,830
1602779964.6753883,831
1602779966.819099,832
1602779969.0719929,833
1602779970.6737185,834
1602779972.3356643,835
1602779973.8090608,836
1602779983.0408251,837
1602779983.9336886,838
1602779985.4614196,839
1602779986.9694166,840
1602779993.095806,841
1602780001.4746056,842
1602780009.851414,843
1602780018.1345167,844
1602780021.9916627,845
1602780023.4314635,846
1602780031.8179166,847
1602780033.1404839,848
1602780034.4873865,849
1602780035.6773705,850
1602780044.1320126,851
1602780045.2995648,852
1602780053.7860026,853
1602780055.5467908,854
1602780056.9684017,855
1602780058.6033502,856
1602780060.2620003,857
1602780061.6322498,858
1602780063.196114,859
1602780064.4964304,860
1602780073.2834628,861
1602780074.7215662,862
1602780076.431517,863
1602780085.1336198,864
1602780093.6565187,865
1602780095.8350139,866
1602780097.9198492,867
1602780106.3460102,868
1602780114.8518226,869
1602780123.5175986,870
1602780132.123037,871
1602780133.5369554,872
1602780142.4610517,873
1602780143.8292644,874
1602780152.3630598,875
1602780161.014372,876
1602780170.267579,877
1602780179.2197082,878
1602780188.1154811,879
1602780197.378097,880
1602780205.9617755,881
1602780207.4309149,882
1602780216.0296032,883
1602780224.783889,884
1602780234.4316828,885
1602780243.968431,886
1602780252.7355144,887
1602780262.192027,888
1602780270.6844044,889
1602780279.5975049,890
1602780289.3467064,891
1602780298.5839207,892
1602780298.5839267,892
1602780307.417629,893
1602780316.043108,894
1602780324.7238824,895
1602780333.4932387,896
1602780334.312736,897
1602780343.2956784,898
1602780352.2257102,899
1602780361.0851972,900
1602780370.1335552,901
1602780379.0596426,902
1602780387.8098202,903
1602780396.4511456,904
1602780405.097235,905
1602780406.7680624,906
1602780415.4431267,907
1602780424.9885936,908
1602780426.702175,909
1602780436.405034,910
1602780437.809023,911
1602780447.5791507,912
1602780456.2371006,913
1602780457.6567202,914
1602780458.7125082,915
1602780467.797395,916
1602780469.2500622,917
1602780470.6837957,918
1602780479.7468493,919
1602780480.3392549,920
1602780483.3332295,921
1602780492.180237,922
1602780500.9458513,923
1602780509.7983255,924
1602780518.5919926,925
1602780527.5370789,926
1602780536.3050153,927
1602780545.0137782,928
1602780553.8228726,929
1602780555.330451,930
1602780564.2195742,931
1602780573.1194367,932
1602780574.3357265,933
1602780583.3869717,934
1602780592.5687444,935
1602780601.7095692,936
1602780610.812319,937
1602780620.6035624,938
1602780629.6765037,939
1602780639.9650373,940
1602780649.1755393,941
1602780658.4936023,942
1602780660.1788447,943
1602780669.9740276,944
1602780679.2905774,945
1602780688.6999948,946
1602780690.1541295,947
1602780699.19973,948
1602780708.240651,949
1602780717.0218096,950
1602780725.9337053,951
1602780735.079702,952
1602780744.3962424,953
1602780746.4051979,954
1602780755.4257486,955
1602780764.2448475,956
1602780765.1770585,957
1602780774.5781672,958
1602780783.8234854,959
1602780792.9901185,960
1602780802.1173413,961
1602780811.5754511,962
1602780820.602024,963
1602780823.6191864,964
1602780832.8957117,965
1602780834.8674617,966
1602780844.4062943,967
1602780853.5302162,968
1602780855.2052329,969
1602780864.6556225,970
1602780873.585462,971
1602780882.6643698,972
1602780883.662714,973
1602780892.9971688,974
1602780901.9710417,975
1602780902.7275465,976
1602780904.3474674,977
1602780913.4824984,978
1602780922.6721706,979
1602780931.7773385,980
1602780940.8564157,981
1602780949.984405,982
1602780959.2000775,983
1602780960.5548935,984
1602780961.5084627,985
1602780970.5668962,986
1602780979.452465,987
1602780988.5430832,988
1602780997.5036058,989
1602780998.229936,990
1602781007.7178752,991
1602781017.466268,992
1602781026.7025602,993
1602781027.9814835,994
1602781038.6985135,995
1602781041.2106574,996
1602781050.9928675,997
1602781052.5459044,998
1602781061.7452986,999
1602781063.9641688,1000
1602781073.269259,1001
1602781082.4444692,1002
1602781091.6806116,1003
1602781092.9582572,1004
1602781102.09928,1005
1602781111.2274473,1006
1602781120.4778035,1007
1602781129.9208407,1008
1602781139.3437014,1009
1602781148.5558267,1010
1602781157.772516,1011
1602781166.969976,1012
1602781176.699212,1013
1602781186.6176374,1014
1602781187.9245288,1015
1602781197.212487,1016
1602781206.3687017,1017
1602781207.831198,1018
1602781217.0615194,1019
1602781226.2590845,1020
1602781235.493553,1021
1602781237.2870667,1022
1602781246.8075278,1023
1602781248.4354315,1024
1602781250.7869916,1025
1602781260.0297563,1026
1602781269.4569209,1027
1602781278.9921877,1028
1602781288.5691564,1029
1602781289.7598174,1030
1602781299.278942,1031
1602781308.680059,1032
1602781318.30358,1033
1602781320.3498764,1034
1602781329.6778407,1035
1602781339.0600283,1036
1602781348.8573604,1037
1602781358.8378708,1038
1602781368.4162405,1039
1602781377.7657282,1040
1602781387.0974996,1041
1602781388.3891485,1042
1602781397.7202613,1043
1602781407.098598,1044
1602781416.4708745,1045
1602781426.1082344,1046
1602781435.6016672,1047
1602781445.1253467,1048
1602781446.6131597,1049
1602781448.1186767,1050
1602781450.6742597,1051
1602781451.9794946,1052
1602781454.4879978,1053
1602781456.1922755,1054
1602781465.5779297,1055
1602781474.9478767,1056
1602781484.8852959,1057
1602781494.939166,1058
1602781496.5165699,1059
1602781506.1636817,1060
1602781509.030407,1061
1602781518.5423708,1062
1602781528.0865946,1063
1602781537.8143094,1064
1602781547.3869793,1065
1602781551.4831767,1066
1602781561.1621015,1067
1602781562.0843623,1068
1602781572.1399188,1069
1602781573.0964093,1070
1602781582.827051,1071
1602781587.517078,1072
1602781589.8060505,1073
1602781599.8247364,1074
1602781601.1500218,1075
1602781607.4931307,1076
1602781617.0056937,1077
1602781618.6269267,1078
1602781620.4832072,1079
1602781621.6118777,1080
1602781624.360561,1081
1602781625.642394,1082
1602781635.3676395,1083
1602781641.9025064,1084
1602781644.9211576,1085
1602781654.5380008,1086
1602781656.27399,1087
1602781659.2593644,1088
1602781669.664761,1089
1602781679.788477,1090
1602781689.342513,1091
1602781690.4283428,1092
1602781692.4821734,1093
1602781695.43921,1094
1602781697.3648021,1095
1602781707.0069542,1096
1602781709.8947616,1097
1602781719.5469031,1098
1602781720.7413135,1099
1602781730.5761282,1100
1602781740.2588081,1101
1602781741.4179974,1102
1602781743.64381,1103
1602781754.1185048,1104
1602781758.6721163,1105
1602781768.3464894,1106
1602781778.087813,1107
1602781783.9409983,1108
1602781793.6633074,1109
1602781803.3408546,1110
1602781812.9456208,1111
1602781822.5940933,1112
1602781824.617507,1113
1602781834.3441334,1114
1602781844.8981287,1115
1602781854.7407181,1116
1602781855.6598222,1117
1602781865.3153856,1118
1602781874.917978,1119
1602781884.8365912,1120
1602781894.605002,1121
1602781904.2764177,1122
1602781905.265816,1123
1602781907.5026822,1124
1602781917.2026238,1125
1602781927.0207934,1126
1602781936.7271445,1127
1602781939.8423336,1128
1602781949.739036,1129
1602781951.4523902,1130
1602781952.7705064,1131
1602781962.474613,1132
1602781970.4224606,1133
1602781980.9433787,1134
1602781983.3919811,1135
1602781985.0922601,1136
1602781995.1645415,1137
1602782004.9692283,1138
1602782014.5662558,1139
1602782024.4161658,1140
1602782025.4489877,1141
1602782035.6516354,1142
1602782037.7784348,1143
1602782038.71673,1144
1602782039.7948587,1145
1602782050.38525,1146
1602782052.2688665,1147
1602782062.2399445,1148
1602782072.0244386,1149
1602782081.992134,1150
1602782091.9214895,1151
1602782093.2013745,1152
1602782102.970685,1153
1602782102.9706905,1153
1602782112.7960937,1154
1602782122.9165807,1155
1602782132.8289623,1156
1602782135.2474022,1157
1602782136.5211627,1158
1602782146.4313092,1159
1602782156.6606438,1160
1602782167.0513828,1161
1602782176.9216638,1162
1602782177.8609278,1163
1602782179.3868465,1164
1602782180.6850348,1165
1602782191.042069,1166
1602782192.4603462,1167
1602782199.7005863,1168
1602782209.8247414,1169
1602782219.9362335,1170
1602782229.8011868,1171
1602782239.8024056,1172
1602782244.3797233,1173
1602782249.3150089,1174
1602782259.2824538,1175
1602782269.6607828,1176
1602782279.8390787,1177
1602782289.9571142,1178
1602782300.3292093,1179
1602782301.9500558,1180
1602782304.1706748,1181
1602782314.3002217,1182
1602782324.3664982,1183
1602782334.4258666,1184
1602782344.462131,1185
1602782354.5080657,1186
1602782357.7029362,1187
1602782367.9327207,1188
1602782370.7275577,1189
1602782373.69615,1190
1602782385.03071,1191
1602782386.5177126,1192
1602782389.142357,1193
1602782399.5960917,1194
1602782409.9780576,1195
1602782420.2964456,1196
1602782430.2714128,1197
1602782440.6979327,1198
1602782443.2598379,1199
1602782444.9801285,1200
1602782445.790601,1201
1602782455.9134498,1202
1602782466.017159,1203
1602782467.097169,1204
1602782477.4776857,1205
1602782487.8505118,1206
1602782497.9643993,1207
1602782508.696232,1208
1602782519.1303587,1209
1602782529.5043995,1210
1602782539.8554025,1211
1602782550.5674167,1212
1602782555.3405375,1213
1602782563.0984025,1214
1602782565.383393,1215
1602782567.2608106,1216
1602782577.4701831,1217
1602782579.4027262,1218
1602782589.5833988,1219
1602782600.5238864,1220
1602782605.8320324,1221
1602782606.9068031,1222
1602782617.5913446,1223
1602782618.4238968,1224
1602782628.6733735,1225
1602782638.7345603,1226
1602782649.213339,1227
1602782651.4871428,1228
1602782656.129772,1229
1602782667.6168258,1230
1602782678.0926287,1231
1602782688.9757307,1232
1602782691.8297088,1233
1602782693.9000258,1234
1602782695.9715397,1235
1602782706.477338,1236
1602782716.7911491,1237
1602782727.0045714,1238
1602782737.4289646,1239
1602782747.8060505,1240
1602782748.7598844,1241
1602782759.610692,1242
1602782770.7420382,1243
1602782774.0785108,1244
1602782785.272545,1245
1602782795.7373986,1246
1602782798.3294764,1247
1602782808.692999,1248
1602782819.3158252,1249
1602782821.0951917,1250
1602782822.0188303,1251
1602782832.5856786,1252
1602782842.9546914,1253
1602782853.658641,1254
1602782864.1115305,1255
1602782874.8810906,1256
1602782885.3204353,1257
1602782895.7057462,1258
1602782906.2194874,1259
1602782916.9588916,1260
1602782927.5477755,1261
1602782929.5398335,1262
1602782930.7916715,1263
1602782941.462819,1264
1602782952.1907375,1265
1602782953.8692772,1266
1602782956.300031,1267
1602782957.9373002,1268
1602782968.730138,1269
1602782970.5026174,1270
1602782981.774345,1271
1602782992.628431,1272
1602783003.001269,1273
1602783004.8679025,1274
1602783015.3250062,1275
1602783025.9921207,1276
1602783036.559431,1277
1602783040.001035,1278
1602783050.7814617,1279
1602783053.130089,1280
1602783063.6284506,1281
1602783065.640318,1282
1602783076.1282113,1283
1602783086.6053345,1284
1602783097.6271095,1285
1602783099.6718855,1286
1602783100.803428,1287
1602783111.7006042,1288
1602783113.33405,1289
1602783114.931191,1290
1602783116.4102993,1291
1602783127.171035,1292
1602783129.701444,1293
1602783131.1197622,1294
1602783132.9872704,1295
1602783143.6040366,1296
1602783154.401101,1297
1602783156.2361505,1298
1602783166.8099768,1299
1602783168.4524617,1300
1602783179.2356288,1301
1602783180.4097118,1302
1602783182.4247015,1303
1602783184.0123208,1304
1602783194.9044223,1305
1602783206.077401,1306
1602783210.0348248,1307
1602783221.1918857,1308
1602783231.9119976,1309
1602783242.5848308,1310
1602783244.2345588,1311
1602783255.628603,1312
1602783266.3879755,1313
1602783269.240997,1314
1602783280.467312,1315
1602783291.5140364,1316
1602783302.4272044,1317
1602783303.7762866,1318
1602783306.7852285,1319
1602783317.601829,1320
1602783319.9402301,1321
1602783331.6200287,1322
1602783342.4263248,1323
1602783353.1420069,1324
1602783354.756692,1325
1602783365.5415652,1326
1602783367.106035,1327
1602783378.1726227,1328
1602783389.0281162,1329
1602783391.1724062,1330
1602783402.449623,1331
1602783403.2664676,1332
1602783409.2659209,1333
1602783420.2881045,1334
1602783422.4817052,1335
1602783433.2639422,1336
1602783443.9988253,1337
1602783454.878206,1338
1602783465.807629,1339
1602783477.0842524,1340
1602783487.955445,1341
1602783498.7976446,1342
1602783509.9588695,1343
1602783521.1838715,1344
1602783522.9569328,1345
1602783534.2388835,1346
1602783536.6913455,1347
1602783540.9261806,1348
1602783552.41035,1349
1602783563.4142346,1350
1602783574.8483293,1351
1602783585.7936618,1352
1602783596.7902145,1353
1602783599.2766354,1354
1602783610.2780812,1355
1602783612.8710384,1356
1602783623.9329753,1357
1602783628.2192118,1358
1602783630.0391107,1359
1602783631.0191617,1360
1602783642.0372608,1361
1602783653.0436063,1362
1602783663.9086637,1363
1602783675.0817285,1364
1602783686.1129825,1365
1602783698.1825602,1366
1602783710.8288944,1367
1602783722.1877258,1368
1602783725.4975328,1369
1602783726.8688402,1370
1602783738.7758381,1371
1602783750.4711177,1372
1602783761.5908093,1373
1602783773.0685797,1374
1602783774.8640227,1375
1602783786.1487398,1376
1602783797.504229,1377
1602783809.803615,1378
1602783811.8589375,1379
1602783813.034997,1380
1602783824.4302924,1381
1602783835.7410023,1382
1602783840.058339,1383
1602783841.2839708,1384
1602783848.5782633,1385
1602783859.6542006,1386
1602783870.9881976,1387
1602783882.226489,1388
1602783893.4364743,1389
1602783896.6592515,1390
1602783908.06599,1391
1602783908.0659952,1391
1602783919.8803604,1392
1602783931.180696,1393
1602783942.5721595,1394
1602783954.4571671,1395
1602783956.3370018,1396
1602783958.7038383,1397
1602783969.6493633,1398
1602783977.690183,1399
1602783986.89291,1400
1602783998.0417435,1401
1602784009.1349235,1402
1602784020.504294,1403
1602784032.3407016,1404
1602784043.723401,1405
1602784055.172233,1406
1602784066.8053977,1407
1602784078.1991649,1408
1602784089.761676,1409
1602784091.464245,1410
1602784102.9760613,1411
1602784114.5814073,1412
1602784126.0137377,1413
1602784137.3779163,1414
1602784148.7896903,1415
1602784156.9819713,1416
1602784169.6146278,1417
1602784182.5710785,1418
1602784194.5426474,1419
1602784206.8929873,1420
1602784218.5428963,1421
1602784230.1477349,1422
1602784232.8533268,1423
1602784244.4712706,1424
1602784255.4130237,1425
1602784267.0844414,1426
1602784278.747212,1427
1602784280.1672938,1428
1602784291.9351823,1429
1602784303.440225,1430
1602784314.8904881,1431
1602784318.2570088,1432
1602784329.7732844,1433
1602784333.4743493,1434
1602784345.0370612,1435
1602784356.5913599,1436
1602784368.0201714,1437
1602784379.6531334,1438
1602784391.7803667,1439
1602784403.3015032,1440
1602784414.8431377,1441
1602784426.4474366,1442
1602784437.92563,1443
1602784449.4072,1444
1602784460.7720494,1445
1602784462.330791,1446
1602784463.2832694,1447
1602784464.1844432,1448
1602784475.4642398,1449
1602784486.813897,1450
1602784498.2697291,1451
1602784500.3159208,1452
1602784511.6669369,1453
1602784523.340451,1454
1602784535.1213958,1455
1602784546.8229537,1456
1602784549.9805741,1457
1602784561.7305777,1458
1602784562.9193184,1459
1602784574.940875,1460
1602784587.068665,1461
1602784598.7739654,1462
1602784600.471464,1463
1602784601.5121896,1464
1602784613.1976247,1465
1602784624.8834093,1466
1602784636.6801965,1467
1602784637.8711815,1468
1602784649.650181,1469
1602784661.613212,1470
1602784673.3820267,1471
1602784685.0747454,1472
1602784696.8362,1473
1602784708.4649818,1474
1602784720.3594143,1475
1602784723.2183623,1476
1602784724.1324174,1477
1602784735.8217924,1478
1602784747.5843658,1479
1602784759.1723127,1480
1602784771.014502,1481
1602784782.6345189,1482
1602784786.5718915,1483
1602784798.5007439,1484
1602784810.6255794,1485
1602784812.9612885,1486
1602784824.8415034,1487
1602784828.5402656,1488
1602784840.874031,1489
1602784852.598362,1490
1602784864.0827103,1491
1602784865.1784906,1492
1602784876.6434875,1493
1602784878.2434742,1494
1602784879.908467,1495
1602784882.3639467,1496
1602784883.6066167,1497
1602784887.7489414,1498
1602784899.2034383,1499
1602784910.9927084,1500
1602784923.1995437,1501
1602784934.780444,1502
1602784946.459831,1503
1602784958.0099356,1504
1602784970.5865834,1505
1602784982.630608,1506
1602784994.7966328,1507
1602784996.526289,1508
1602785008.87509,1509
1602785020.918108,1510
1602785033.0638394,1511
1602785045.3972151,1512
1602785057.5529766,1513
1602785069.6365054,1514
1602785071.48041,1515
1602785083.640792,1516
1602785095.6521866,1517
1602785107.793315,1518
1602785109.6153078,1519
1602785112.8237731,1520
1602785125.2472053,1521
1602785137.836498,1522
1602785149.8433735,1523
1602785161.8754063,1524
1602785164.3835187,1525
1602785176.4798384,1526
1602785188.5234854,1527
1602785200.7437792,1528
1602785204.563104,1529
1602785216.7653236,1530
1602785229.3831866,1531
1602785233.2453294,1532
1602785235.818914,1533
1602785237.4080946,1534
1602785238.7409062,1535
1602785240.490571,1536
1602785242.4353006,1537
1602785243.6146402,1538
1602785255.7197921,1539
1602785257.505361,1540
1602785258.6583316,1541
1602785271.3888764,1542
1602785273.3218994,1543
1602785285.747611,1544
1602785288.3956933,1545
1602785289.6789298,1546
1602785290.9001963,1547
1602785299.7296,1548
1602785302.1851108,1549
1602785304.3819273,1550
1602785305.0234802,1551
1602785307.4489257,1552
1602785308.885924,1553
1602785310.004411,1554
1602785311.6505373,1555
1602785323.798733,1556
1602785335.9227715,1557
1602785337.083352,1558
1602785338.4464986,1559
1602785340.142102,1560
1602785341.535415,1561
1602785342.98446,1562
1602785343.8892367,1563
1602785347.0691657,1564
1602785347.9654722,1565
1602785348.6190312,1566
1602785351.3174226,1567
1602785353.9956853,1568
1602785354.6588144,1569
1602785356.0867522,1570
1602785358.3233256,1571
1602785358.9654183,1572
1602785359.679371,1573
1602785361.1465218,1574
1602785373.3608944,1575
1602785374.8658547,1576
1602785376.284357,1577
1602785382.7558963,1578
1602785383.686295,1579
1602785385.3701925,1580
1602785397.7234566,1581
1602785402.6994615,1582
1602785403.6237843,1583
1602785407.1442227,1584
1602785408.5150461,1585
1602785409.2517033,1586
1602785412.59867,1587
1602785414.934246,1588
1602785416.3639748,1589
1602785417.8093948,1590
1602785419.9607916,1591
1602785425.6796343,1592
1602785426.288273,1593
1602785429.6942134,1594
1602785440.9925458,1595
1602785452.9314535,1596
1602785455.7819536,1597
1602785456.430322,1598
1602785458.2804496,1599
1602785470.6583564,1600
1602785471.9648924,1601
1602785473.3846126,1602
1602785475.9103367,1603
1602785488.636826,1604
1602785501.2181246,1605
1602785503.382541,1606
1602785505.0663488,1607
1602785506.890662,1608
1602785509.513794,1609
1602785521.8135986,1610
1602785524.1742096,1611
1602785526.3692765,1612
1602785528.806522,1613
1602785531.8774734,1614
1602785534.6923828,1615
1602785547.3610628,1616
1602785549.7061152,1617
1602785562.3624122,1618
1602785574.9598339,1619
1602785587.4191737,1620
1602785599.9355927,1621
1602785608.1915824,1622
1602785620.7232533,1623
1602785633.5042934,1624
1602785636.239077,1625
1602785640.7895024,1626
1602785643.8132534,1627
1602785655.9472415,1628
1602785657.024993,1629
1602785659.0324924,1630
1602785662.2248974,1631
1602785665.0285096,1632
1602785666.8185258,1633
1602785668.2308147,1634
1602785680.2497206,1635
1602785693.0182626,1636
1602785705.636842,1637
1602785718.171515,1638
1602785718.1715212,1638
1602785730.9754188,1639
1602785744.4614043,1640
1602785757.275814,1641
1602785760.0066535,1642
1602785762.068782,1643
1602785774.8830485,1644
1602785776.6099367,1645
1602785777.8681266,1646
1602785783.6537259,1647
1602785790.268754,1648
1602785793.9149191,1649
1602785806.556624,1650
1602785814.917629,1651
1602785825.1088617,1652
1602785837.9552317,1653
1602785850.7117193,1654
1602785863.5432267,1655
1602785876.2443182,1656
1602785889.1775277,1657
1602785902.0551946,1658
1602785905.6703355,1659
1602785918.5137825,1660
1602785931.4102335,1661
1602785944.394717,1662
1602785957.2681942,1663
1602785969.9695435,1664
1602785971.999838,1665
1602785984.7027264,1666
1602785997.275712,1667
1602786000.3198352,1668
1602786012.94161,1669
1602786015.180616,1670
1602786019.66462,1671
1602786032.0671854,1672
1602786044.705815,1673
1602786046.4155517,1674
1602786059.3321702,1675
1602786072.323692,1676
1602786084.864442,1677
1602786087.4211535,1678
1602786089.7745214,1679
1602786102.4805179,1680
1602786115.118452,1681
1602786119.144954,1682
1602786122.2241244,1683
1602786124.8588936,1684
1602786127.6461244,1685
1602786129.2928305,1686
1602786142.3950226,1687
1602786155.4242356,1688
1602786157.234339,1689
1602786158.887126,1690
1602786162.6657636,1691
1602786164.1088605,1692
1602786165.6033478,1693
1602786179.2092447,1694
1602786183.508924,1695
1602786186.48376,1696
1602786199.5351388,1697
1602786212.6227186,1698
1602786225.6653976,1699
1602786239.0203905,1700
1602786252.2153997,1701
1602786254.923633,1702
1602786256.3787196,1703
1602786269.48789,1704
1602786282.8363342,1705
1602786296.2629948,1706
1602786309.4474611,1707
1602786322.6945229,1708
1602786336.0014887,1709
1602786337.502339,1710
1602786341.1018302,1711
1602786354.0754833,1712
1602786367.2587667,1713
1602786369.484091,1714
1602786382.6423957,1715
1602786385.8581195,1716
1602786398.9395785,1717
1602786401.4478312,1718
1602786407.110017,1719
1602786409.9996946,1720
1602786423.1430974,1721
1602786436.427502,1722
1602786449.6048625,1723
1602786463.3061233,1724
1602786477.073949,1725
1602786490.360077,1726
1602786503.481305,1727
1602786504.6495092,1728
1602786513.4931448,1729
1602786526.9574296,1730
1602786540.369166,1731
1602786543.4008982,1732
1602786544.7023277,1733
1602786558.0446467,1734
1602786559.7295396,1735
1602786573.0549157,1736
1602786586.3234882,1737
1602786588.2549362,1738
1602786602.308079,1739
1602786616.3505738,1740
1602786629.7805972,1741
1602786643.7449758,1742
1602786657.2968,1743
1602786664.1853542,1744
1602786677.9008024,1745
1602786683.9337869,1746
1602786697.4507546,1747
1602786711.0911229,1748
1602786724.4891279,1749
1602786727.9962373,1750
1602786729.4045653,1751
1602786742.8117535,1752
1602786752.8617764,1753
1602786766.2158024,1754
1602786774.651647,1755
1602786788.0456083,1756
1602786801.5712364,1757
1602786814.9284875,1758
1602786828.4036896,1759
1602786842.2670064,1760
1602786855.9509294,1761
1602786869.5053327,1762
1602786872.4901125,1763
1602786874.5254261,1764
1602786876.662055,1765
1602786878.2727072,1766
1602786888.048167,1767
1602786902.549789,1768
1602786913.9621456,1769
1602786916.45465,1770
1602786930.048656,1771
1602786933.8178923,1772
1602786947.5166924,1773
1602786961.5550175,1774
1602786964.2279932,1775
1602786966.7692914,1776
1602786978.444219,1777
1602786982.5150454,1778
1602786987.4112287,1779
1602787001.2851944,1780
1602787014.9654295,1781
1602787015.8406584,1782
1602787029.6029818,1783
1602787032.8547273,1784
1602787034.944963,1785
1602787038.6312282,1786
1602787045.8614368,1787
1602787049.161448,1788
1602787062.8614762,1789
1602787076.7574508,1790
1602787078.668811,1791
1602787080.123919,1792
1602787093.9860845,1793
1602787107.749565,1794
1602787110.4576426,1795
1602787124.655857,1796
1602787138.4711413,1797
1602787140.0366988,1798
1602787153.7413025,1799
1602787167.418191,1800
1602787181.0297737,1801
1602787187.8575091,1802
1602787201.7054222,1803
1602787204.3581755,1804
1602787208.8756375,1805
1602787222.6949954,1806
1602787235.199309,1807
1602787238.4620981,1808
1602787252.258645,1809
1602787254.2164938,1810
1602787258.425085,1811
1602787260.4024556,1812
1602787271.3438487,1813
1602787285.3010318,1814
1602787297.1425898,1815
1602787298.274134,1816
1602787312.4208386,1817
1602787315.3681493,1818
1602787324.7003198,1819
1602787330.0476847,1820
1602787337.4144204,1821
1602787351.3971348,1822
1602787365.5012336,1823
1602787379.8230553,1824
1602787394.2412336,1825
1602787408.3150437,1826
1602787422.2433844,1827
1602787423.7918267,1828
1602787425.3970356,1829
1602787433.093303,1830
1602787434.7429936,1831
1602787443.0200758,1832
1602787445.9347806,1833
1602787456.712556,1834
1602787470.7298667,1835
1602787476.2160552,1836
1602787478.2287166,1837
1602787485.3422608,1838
1602787498.9320333,1839
1602787501.6846042,1840
1602787503.0596979,1841
1602787514.3393419,1842
1602787516.4979136,1843
1602787531.1972487,1844
1602787531.1972544,1844
1602787547.0217948,1845
1602787561.6152873,1846
1602787575.8236542,1847
1602787578.4998887,1848
1602787592.884682,1849
1602787607.0100734,1850
1602787617.9943736,1851
1602787632.7614803,1852
1602787637.8139167,1853
1602787653.0285857,1854
1602787667.552887,1855
1602787670.029196,1856
1602787671.6027737,1857
1602787673.8818684,1858
1602787680.3028371,1859
1602787684.6169183,1860
1602787698.7950637,1861
1602787713.1148927,1862
1602787716.5038152,1863
1602787731.2351968,1864
1602787732.7704694,1865
1602787733.8523061,1866
1602787748.1024544,1867
1602787754.9849799,1868
1602787757.4555376,1869
1602787772.7452366,1870
1602787774.9256816,1871
1602787776.999862,1872
1602787791.4914515,1873
1602787806.0874467,1874
1602787820.4788213,1875
1602787827.244884,1876
1602787829.4355423,1877
1602787843.9428396,1878
1602787858.706125,1879
1602787873.2714882,1880
1602787876.2505827,1881
1602787883.2290509,1882
1602787891.9853017,1883
1602787906.6307087,1884
1602787908.3796787,1885
1602787915.9692197,1886
1602787930.3733828,1887
1602787945.0923564,1888
1602787959.9698663,1889
1602787962.57972,1890
1602787963.461129,1891
1602787968.648491,1892
1602787970.6995862,1893
1602787973.2158186,1894
1602787976.9574955,1895
1602787979.8044477,1896
1602787982.3920054,1897
1602787986.4529712,1898
1602788001.5966077,1899
1602788003.9096801,1900
1602788006.7344656,1901
1602788019.253149,1902
1602788025.23199,1903
1602788031.7324545,1904
1602788034.7454057,1905
1602788049.6263685,1906
1602788053.614089,1907
1602788058.300335,1908
1602788062.0686526,1909
1602788068.8457541,1910
1602788071.0177612,1911
1602788077.5996842,1912
1602788092.1926165,1913
1602788094.276249,1914
1602788095.6289222,1915
1602788097.4779222,1916
1602788099.5101736,1917
1602788100.538143,1918
1602788103.1065814,1919
1602788105.4378269,1920
1602788106.9525561,1921
1602788108.376062,1922
1602788109.0958288,1923
1602788109.961076,1924
1602788111.6081498,1925
1602788126.427472,1926
1602788127.7709134,1927
1602788129.116238,1928
1602788131.2092354,1929
1602788134.3735416,1930
1602788135.8458846,1931
1602788137.3058724,1932
1602788138.699666,1933
1602788139.9988403,1934
1602788154.8102767,1935
1602788156.1022284,1936
1602788171.0026667,1937
1602788186.3926234,1938
1602788201.1851702,1939
1602788202.588462,1940
1602788203.9962165,1941
1602788218.8172245,1942
1602788233.9959097,1943
1602788235.4562023,1944
1602788237.4114556,1945
1602788252.265835,1946
1602788267.0994413,1947
1602788281.9071276,1948
1602788296.7890475,1949
1602788312.1426678,1950
1602788327.2656605,1951
1602788342.1901348,1952
1602788347.0238209,1953
1602788362.0387118,1954
1602788377.022444,1955
1602788391.9444737,1956
1602788407.1921217,1957
1602788422.4545596,1958
1602788424.6715496,1959
1602788428.5910306,1960
1602788443.8266284,1961
1602788458.7797568,1962
1602788460.4471319,1963
1602788463.5339043,1964
1602788465.5058231,1965
1602788480.6002197,1966
1602788496.2536368,1967
1602788500.3498623,1968
1602788515.4251854,1969
1602788517.9372318,1970
1602788520.4223018,1971
1602788523.7551749,1972
1602788539.001443,1973
1602788540.719675,1974
1602788556.1824596,1975
1602788571.5608196,1976
1602788574.8503854,1977
1602788589.8951042,1978
1602788591.4905736,1979
1602788594.8125947,1980
1602788610.2327073,1981
1602788625.6484883,1982
1602788628.9197693,1983
1602788632.8133225,1984
1602788648.0457556,1985
1602788651.6093268,1986
1602788653.7944186,1987
1602788669.316724,1988
1602788674.0132518,1989
1602788676.8445234,1990
1602788680.5438137,1991
1602788696.281756,1992
1602788711.8186014,1993
1602788714.58413,1994
1602788730.1656177,1995
1602788736.361176,1996
1602788737.670703,1997
1602788740.0185263,1998
1602788756.1060226,1999
1602788758.5636573,2000
1602788773.840006,2001
1602788789.1266477,2002
1602788804.3690596,2003
1602788806.3947384,2004
1602788813.1179764,2005
1602788828.5449536,2006
1602788843.842128,2007
1602788859.3439796,2008
1602788861.7360337,2009
1602788877.4374738,2010
1602788893.6651225,2011
1602788897.8600976,2012
1602788901.8290634,2013
1602788905.4555485,2014
1602788920.731153,2015
1602788936.3422897,2016
1602788945.6626432,2017
1602788950.1695566,2018
1602788962.644145,2019
1602788978.3495095,2020
1602788993.9600434,2021
1602788996.4978964,2022
1602788999.418237,2023
1602789001.7759469,2024
1602789017.2543771,2025
1602789020.6542766,2026
1602789024.4915278,2027
1602789039.6665072,2028
1602789049.0165594,2029
1602789053.8073556,2030
1602789056.3666391,2031
1602789069.0932891,2032
1602789076.8262382,2033
1602789092.4764793,2034
1602789098.0843627,2035
1602789114.0053372,2036
1602789129.6909156,2037
1602789145.6649754,2038
1602789162.0379806,2039
1602789177.6282642,2040
1602789180.1927474,2041
1602789197.0446637,2042
1602789201.016125,2043
1602789217.0778964,2044
1602789232.993616,2045
1602789249.1599445,2046
1602789265.0126743,2047
1602789281.2475207,2048
1602789289.972357,2049
1602789305.9740107,2050
1602789321.934079,2051
1602789337.7472594,2052
1602789337.7472641,2052
1602789354.4745502,2053
1602789370.552027,2054
1602789386.4837074,2055
1602789402.3439803,2056
1602789418.6152542,2057
1602789434.403672,2058
1602789450.270725,2059
1602789454.5710123,2060
1602789457.765404,2061
1602789473.6921625,2062
1602789477.348548,2063
1602789479.868548,2064
1602789495.740642,2065
1602789511.6618073,2066
1602789527.8475251,2067
1602789543.8548288,2068
1602789560.1280446,2069
1602789575.8800147,2070
1602789578.5712914,2071
1602789595.3636086,2072
1602789596.718611,2073
1602789612.68952,2074
1602789628.9194963,2075
1602789644.89409,2076
1602789660.8979754,2077
1602789677.534146,2078
1602789693.9960108,2079
1602789709.971739,2080
1602789726.0377545,2081
1602789742.461572,2082
1602789758.4716895,2083
1602789764.538533,2084
1602789780.694235,2085
1602789796.8825016,2086
1602789812.8784826,2087
1602789829.6692467,2088
1602789846.6159859,2089
1602789862.7521183,2090
1602789865.1473265,2091
1602789881.3577995,2092
1602789898.189247,2093
1602789914.6261988,2094
1602789930.9280202,2095
1602789947.2540882,2096
1602789963.770063,2097
1602789980.2515287,2098
1602789996.616194,2099
1602790012.8650765,2100
1602790029.2683384,2101
1602790045.5827076,2102
1602790062.0782948,2103
1602790079.034653,2104
1602790095.6208706,2105
1602790113.145504,2106
1602790119.0975802,2107
1602790123.6912313,2108
1602790127.5225468,2109
1602790143.684025,2110
1602790160.342012,2111
1602790176.706704,2112
1602790193.216094,2113
1602790194.943447,2114
1602790211.4668427,2115
1602790223.34926,2116
1602790239.838113,2117
1602790256.9519446,2118
1602790274.0717218,2119
1602790290.9492362,2120
1602790307.7183135,2121
1602790324.3221517,2122
1602790340.7821457,2123
1602790357.4528534,2124
1602790374.3278947,2125
1602790386.7476783,2126
1602790390.1583843,2127
1602790406.6895137,2128
1602790417.929781,2129
1602790434.6314452,2130
1602790436.4756892,2131
1602790453.9585,2132
1602790471.652721,2133
1602790488.7894006,2134
1602790505.5865417,2135
1602790522.8446984,2136
1602790539.4076583,2137
1602790556.362049,2138
1602790573.6724951,2139
1602790590.368671,2140
1602790607.7050757,2141
1602790624.5626626,2142
1602790641.6270497,2143
1602790658.3778949,2144
1602790675.2214177,2145
1602790676.7547448,2146
1602790693.905912,2147
1602790710.7885773,2148
1602790727.5267284,2149
1602790745.0661466,2150
1602790762.1214175,2151
1602790779.203985,2152
1602790796.3509712,2153
1602790813.2681375,2154
1602790830.3299396,2155
1602790847.4308085,2156
1602790864.4612226,2157
1602790881.2337706,2158
1602790898.61483,2159
1602790915.6336617,2160
1602790932.5878606,2161
1602790949.560508,2162
1602790966.8458507,2163
1602790984.4797761,2164
1602790985.517888,2165
1602791002.7716281,2166
1602791020.0045516,2167
1602791025.7203124,2168
1602791027.710362,2169
1602791044.7702968,2170
1602791062.5114622,2171
1602791080.3484328,2172
1602791097.7914453,2173
1602791099.7834432,2174
1602791117.1156728,2175
1602791122.8495617,2176
1602791140.33188,2177
1602791140.331885,2177
1602791157.9183276,2178
1602791175.4504006,2179
1602791193.5618715,2180
1602791210.979879,2181
1602791228.6306808,2182
1602791246.055166,2183
1602791263.468113,2184
1602791281.3480008,2185
1602791298.7478917,2186
1602791316.3868892,2187
1602791333.892988,2188
1602791351.5438526,2189
1602791368.6295397,2190
1602791386.0468926,2191
1602791403.8647244,2192
1602791421.476818,2193
1602791439.5187,2194
1602791458.055334,2195
1602791475.645684,2196
1602791493.8251348,2197
1602791511.4435236,2198
1602791512.8960736,2199
1602791530.4775224,2200
1602791548.2479434,2201
1602791566.050128,2202
1602791583.6935515,2203
1602791601.4929879,2204
1602791619.3123844,2205
1602791636.8820553,2206
1602791637.9021375,2207
1602791655.5668702,2208
1602791657.9725904,2209
1602791676.0501919,2210
1602791693.88995,2211
1602791711.6062171,2212
1602791729.7238448,2213
1602791747.9463668,2214
1602791765.6202884,2215
1602791783.0471206,2216
1602791797.0149267,2217
1602791814.992527,2218
1602791832.9387937,2219
1602791850.7782137,2220
1602791868.6039004,2221
1602791886.4270637,2222
1602791904.3503914,2223
1602791922.6147761,2224
1602791941.4178944,2225
1602791959.2499819,2226
1602791976.94083,2227
1602791986.1359606,2228
1602792005.238532,2229
1602792023.5005054,2230
1602792041.8432734,2231
1602792060.1963959,2232
1602792078.489868,2233
1602792081.477475,2234
1602792099.3975296,2235
1602792117.4627285,2236
1602792126.843735,2237
1602792144.6729422,2238
1602792162.550367,2239
1602792180.4929495,2240
1602792198.5273597,2241
1602792216.3736224,2242
1602792234.5649428,2243
1602792253.3508139,2244
1602792255.9804792,2245
1602792274.1971762,2246
1602792277.3277483,2247
1602792295.5145717,2248
1602792298.9952824,2249
1602792317.2395792,2250
1602792336.2597353,2251
1602792355.333683,2252
1602792373.9971645,2253
1602792377.167195,2254
1602792395.9212904,2255
1602792414.242659,2256
1602792432.5673418,2257
1602792451.0337288,2258
1602792453.6520529,2259
1602792455.348458,2260
1602792474.3680267,2261
1602792493.004431,2262
1602792511.0223982,2263
1602792529.1822104,2264
1602792539.6459506,2265
1602792559.000539,2266
1602792577.7099915,2267
1602792579.6308773,2268
1602792598.0378792,2269
1602792606.9722562,2270
1602792625.3290496,2271
1602792643.5233755,2272
1602792661.4912405,2273
1602792679.8343883,2274
1602792698.3227146,2275
1602792716.4748223,2276
1602792734.745313,2277
1602792737.884662,2278
1602792756.3572907,2279
1602792774.451189,2280
1602792792.5686831,2281
1602792797.8142729,2282
1602792816.0326405,2283
1602792834.6376922,2284
1602792853.487901,2285
1602792871.6859672,2286
1602792878.0910234,2287
1602792896.2504394,2288
1602792914.6548889,2289
1602792932.9871664,2290
1602792951.3799188,2291
1602792951.3799238,2291
1602792969.6222067,2292
1602792987.7042181,2293
1602792995.8931549,2294
1602792998.8292563,2295
1602793017.2436967,2296
1602793036.0165431,2297
1602793055.0257506,2298
1602793065.1737835,2299
1602793083.39258,2300
1602793095.1718526,2301
1602793113.2524757,2302
1602793131.6098,2303
1602793149.7126367,2304
1602793160.9422863,2305
1602793164.9655137,2306
1602793183.2623744,2307
1602793201.4826806,2308
1602793206.6777453,2309
1602793225.0342417,2310
1602793235.9646988,2311
1602793254.6210027,2312
1602793268.4887385,2313
1602793286.4993327,2314
1602793305.0081682,2315
1602793323.6110768,2316
1602793327.6566534,2317
1602793345.8656018,2318
1602793364.0417767,2319
1602793383.2781603,2320
1602793401.6283655,2321
1602793419.9905517,2322
1602793425.8887348,2323
1602793430.3685749,2324
1602793449.0344808,2325
1602793467.5257115,2326
1602793485.9066374,2327
1602793504.4149234,2328
1602793522.7046938,2329
1602793540.8743339,2330
1602793558.9093044,2331
1602793576.901855,2332
1602793594.7574947,2333
1602793598.339675,2334
1602793616.7982435,2335
1602793635.1025863,2336
1602793652.9291863,2337
1602793670.9262087,2338
1602793689.1507854,2339
1602793707.5234246,2340
1602793725.6735916,2341
1602793744.2213004,2342
1602793747.6025453,2343
1602793763.28619,2344
1602793767.5238628,2345
1602793785.3967326,2346
1602793788.0434306,2347
1602793791.322291,2348
1602793809.7262554,2349
1602793813.7993577,2350
1602793831.9163468,2351
1602793850.1558335,2352
1602793852.961985,2353
1602793871.1716654,2354
1602793889.3292615,2355
1602793907.5808792,2356
1602793925.702399,2357
1602793930.564377,2358
1602793948.6429286,2359
1602793966.6719913,2360
1602793975.4844494,2361
1602793993.48678,2362
1602793996.4421248,2363
1602794014.322738,2364
1602794018.2010574,2365
1602794036.2876382,2366
1602794054.7382662,2367
1602794056.9292467,2368
1602794062.5988665,2369
1602794080.5209553,2370
1602794098.9346013,2371
1602794102.9998755,2372
1602794107.5668821,2373
1602794119.8611345,2374
1602794122.7741914,2375
1602794125.529684,2376
1602794130.2379708,2377
1602794148.7704473,2378
1602794167.2004628,2379
1602794185.416181,2380
1602794191.8921933,2381
1602794195.3667102,2382
1602794213.3369539,2383
1602794216.5679762,2384
1602794219.983135,2385
1602794225.1383448,2386
1602794227.9239528,2387
1602794233.290685,2388
1602794235.8405497,2389
1602794253.9164596,2390
1602794261.0713036,2391
1602794263.6487255,2392
1602794264.6154094,2393
1602794276.2028427,2394
1602794295.0109348,2395
1602794300.166866,2396
1602794306.2669184,2397
1602794309.5893416,2398
1602794328.4006522,2399
1602794331.6605444,2400
1602794334.3120387,2401
1602794338.4784703,2402
1602794342.4915361,2403
1602794360.6828136,2404
1602794364.3670492,2405
1602794365.7693913,2406
1602794383.6521194,2407
1602794401.7000403,2408
1602794406.8478713,2409
1602794409.8929188,2410
1602794428.420876,2411
1602794447.4329104,2412
1602794451.5981932,2413
1602794459.6576512,2414
1602794477.740809,2415
1602794481.131809,2416
1602794487.2025483,2417
1602794489.5173807,2418
1602794491.1110957,2419
1602794495.3865445,2420
1602794497.9542854,2421
1602794501.4333894,2422
1602794503.3270774,2423
1602794506.3599646,2424
1602794508.9034212,2425
1602794513.037975,2426
1602794515.649002,2427
1602794530.6494322,2428
1602794533.6585019,2429
1602794536.1213248,2430
1602794538.7083418,2431
1602794556.660257,2432
1602794558.5882583,2433
1602794568.3086054,2434
1602794586.337708,2435
1602794588.4468164,2436
1602794589.751667,2437
1602794595.0449834,2438
1602794597.9833474,2439
1602794606.149679,2440
1602794624.0250432,2441
1602794626.2551243,2442
1602794628.8167,2443
1602794646.858707,2444
1602794648.8973207,2445
1602794667.2628038,2446
1602794673.2593646,2447
1602794676.470932,2448
1602794679.7546644,2449
1602794682.9705758,2450
1602794685.8531835,2451
1602794690.1342773,2452
1602794692.1158442,2453
1602794693.8550735,2454
1602794699.8104281,2455
1602794702.0306652,2456
1602794705.0230997,2457
1602794707.7482355,2458
1602794725.7368093,2459
1602794743.7189834,2460
1602794745.266702,2461
1602794748.2417915,2462
1602794749.9018042,2463
1602794753.106976,2464
1602794753.1069822,2464
1602794754.0235174,2465
1602794755.6282039,2466
1602794774.3106453,2467
1602794776.0315108,2468
1602794779.3880286,2469
1602794781.8396676,2470
1602794784.211703,2471
1602794790.2187128,2472
1602794793.7590332,2473
1602794796.2809515,2474
1602794798.7040133,2475
1602794801.6227212,2476
1602794804.2646842,2477
1602794806.7092528,2478
1602794811.1163383,2479
1602794829.272574,2480
1602794831.9679067,2481
1602794834.5927358,2482
1602794852.6751585,2483
1602794855.388686,2484
1602794857.7122655,2485
1602794860.378627,2486
1602794863.661908,2487
1602794865.585822,2488
1602794868.9669447,2489
1602794872.94051,2490
1602794874.6632326,2491
1602794878.5026753,2492
1602794881.2780027,2493
1602794884.2744982,2494
1602794886.2956817,2495
1602794888.413114,2496
1602794906.227611,2497
1602794908.7261298,2498
1602794911.1923628,2499
1602794915.2371728,2500
1602794916.3117738,2501
1602794920.0940888,2502
1602794923.9837816,2503
1602794926.1164005,2504
1602794940.8840876,2505
1602794943.5817761,2506
1602794947.2860305,2507
1602794951.2545207,2508
1602794952.442713,2509
1602794955.4564974,2510
1602794958.3769734,2511
1602794961.894957,2512
1602794979.627758,2513
1602794980.661174,2514
1602794983.5125163,2515
1602794987.7612286,2516
1602794991.1690834,2517
1602794994.1677444,2518
1602794997.0307016,2519
1602795015.3201456,2520
1602795020.1823335,2521
1602795038.3351686,2522
1602795041.4991977,2523
1602795045.6508617,2524
1602795048.661388,2525
1602795066.548534,2526
1602795067.653555,2527
1602795069.7328777,2528
1602795087.9521396,2529
1602795090.6593702,2530
1602795093.8483484,2531
1602795096.9122653,2532
1602795115.1425037,2533
1602795118.9825344,2534
1602795137.068375,2535
1602795139.5183105,2536
1602795142.133821,2537
1602795144.6334429,2538
1602795162.9401367,2539
1602795166.7398043,2540
1602795185.0151224,2541
1602795188.0308034,2542
1602795192.851824,2543
1602795198.4352658,2544
1602795201.4991276,2545
1602795216.914739,2546
1602795219.5388563,2547
1602795222.9765227,2548
1602795226.2698512,2549
1602795238.250276,2550
1602795241.8916814,2551
1602795243.045952,2552
1602795261.1476073,2553
1602795268.522828,2554
1602795271.9503863,2555
1602795273.7187026,2556
1602795277.8542743,2557
1602795281.5454283,2558
1602795284.0826797,2559
1602795289.5209029,2560
1602795293.1907802,2561
1602795297.7853508,2562
1602795315.7156525,2563
1602795319.7352092,2564
1602795321.8899434,2565
1602795324.7026067,2566
1602795328.2434042,2567
1602795330.9874701,2568
1602795334.0581768,2569
1602795340.3116875,2570
1602795342.049129,2571
1602795343.9874697,2572
1602795361.9586303,2573
1602795368.2097452,2574
1602795371.7727025,2575
1602795374.7843237,2576
1602795379.9003997,2577
1602795385.28355,2578
1602795386.4128852,2579
1602795391.6372216,2580
1602795394.5989296,2581
1602795398.9523702,2582
1602795405.937088,2583
1602795409.0370183,2584
1602795427.8480113,2585
1602795429.1636612,2586
1602795447.491106,2587
1602795454.3448117,2588
1602795458.8815105,2589
1602795464.9264324,2590
1602795471.7741535,2591
1602795473.2053685,2592
1602795478.7154775,2593
1602795484.3280206,2594
1602795486.7963724,2595
1602795496.5730703,2596
1602795500.22404,2597
1602795504.7670639,2598
1602795523.2946534,2599
1602795541.5699716,2600
1602795544.208356,2601
1602795549.3463619,2602
1602795567.7758772,2603
1602795570.3637002,2604
1602795575.7726135,2605
1602795578.580805,2606
1602795583.590794,2607
1602795588.8503118,2608
1602795591.5690246,2609
1602795593.8659036,2610
1602795608.386021,2611
1602795610.678302,2612
1602795613.112133,2613
1602795615.5980203,2614
1602795618.8855536,2615
1602795620.5184293,2616
1602795624.881632,2617
1602795630.8308685,2618
1602795635.167974,2619
1602795637.9897366,2620
1602795643.7058878,2621
1602795661.6605384,2622
1602795669.8384364,2623
1602795673.3473816,2624
1602795684.3490536,2625
1602795688.9023583,2626
1602795706.9479823,2627
1602795716.554956,2628
1602795721.0086305,2629
1602795739.1776958,2630
1602795745.1282582,2631
1602795754.1980598,2632
1602795757.8598344,2633
1602795775.7332377,2634
1602795790.5407987,2635
1602795808.6500254,2636
1602795826.8388572,2637
1602795828.2736218,2638
1602795831.85974,2639
1602795849.7091556,2640
1602795852.545037,2641
1602795859.539757,2642
1602795869.5504684,2643
1602795872.3961146,2644
1602795890.6157973,2645
1602795891.7198524,2646
1602795893.1668308,2647
1602795911.5292222,2648
1602795918.5820005,2649
1602795928.3584957,2650
1602795946.193184,2651
1602795949.7976568,2652
1602795967.8191938,2653
1602795985.8901172,2654
1602795989.7034855,2655
1602796007.502926,2656
1602796011.7870371,2657
1602796029.577827,2658
1602796047.246906,2659
1602796064.689908,2660
1602796082.7253127,2661
1602796087.1384518,2662
1602796105.109301,2663
1602796123.0386572,2664
1602796125.4981925,2665
1602796128.582555,2666
1602796146.5233564,2667
1602796164.487165,2668
1602796183.061542,2669
1602796201.5880077,2670
1602796219.7722614,2671
1602796235.024094,2672
1602796253.048574,2673
1602796271.2955842,2674
1602796278.310205,2675
1602796281.3809,2676
1602796299.6625786,2677
1602796317.8027709,2678
1602796322.7988193,2679
1602796340.9938521,2680
1602796351.5146568,2681
1602796360.5576344,2682
1602796361.9828598,2683
1602796362.9430413,2684
1602796381.2295809,2685
1602796399.7956774,2686
1602796403.955541,2687
1602796421.5041418,2688
1602796422.911325,2689
1602796427.4685686,2690
1602796444.8279154,2691
1602796462.271995,2692
1602796466.763765,2693
1602796484.3250093,2694
1602796502.0962765,2695
1602796519.9932723,2696
1602796537.298369,2697
1602796554.595826,2698
1602796554.5958312,2698
1602796572.2064946,2699
1602796575.3969615,2700
1602796593.5355897,2701
1602796594.576379,2702
1602796600.6580918,2703
1602796618.4248276,2704
1602796623.0086546,2705
1602796640.9718366,2706
1602796648.4434574,2707
1602796665.8458018,2708
1602796669.4784114,2709
1602796673.9010715,2710
1602796676.1709793,2711
1602796681.8448925,2712
1602796687.6023855,2713
1602796705.315832,2714
1602796723.6742308,2715
1602796724.6793242,2716
1602796742.478304,2717
1602796760.465499,2718
1602796778.5160608,2719
1602796797.3065026,2720
1602796815.6882918,2721
1602796833.5716512,2722
1602796851.5803204,2723
1602796869.6917105,2724
1602796875.0112503,2725
1602796893.1503654,2726
1602796902.0889637,2727
1602796916.42765,2728
1602796934.6056592,2729
1602796952.4767141,2730
1602796970.2579236,2731
1602796972.7454998,2732
1602796990.9994862,2733
1602797008.946475,2734
1602797026.6152062,2735
1602797038.563333,2736
1602797056.1319852,2737
1602797074.0152564,2738
1602797091.7603288,2739
1602797109.1994307,2740
1602797126.7535968,2741
1602797144.2767336,2742
1602797162.024409,2743
1602797179.4913666,2744
1602797197.433383,2745
1602797215.1761303,2746
1602797232.7051988,2747
1602797250.6663084,2748
1602797268.4020362,2749
1602797286.132868,2750
1602797304.0375338,2751
1602797321.6288,2752
1602797339.2156422,2753
1602797356.9229755,2754
1602797374.8547285,2755
1602797392.8559809,2756
1602797410.5436988,2757
1602797428.178325,2758
1602797445.8744156,2759
1602797463.3322215,2760
1602797480.5780191,2761
1602797498.053227,2762
1602797515.6260576,2763
1602797533.3401387,2764
1602797551.1539483,2765
1602797568.7732713,2766
1602797587.0033085,2767
1602797604.5862825,2768
1602797622.2296693,2769
1602797640.041123,2770
1602797657.484494,2771
1602797675.1349494,2772
1602797693.1966982,2773
1602797696.2647004,2774
1602797714.1804316,2775
1602797731.8351567,2776
1602797749.6691885,2777
1602797767.2637746,2778
1602797785.3902051,2779
1602797804.0307508,2780
1602797822.0646608,2781
1602797840.5605927,2782
1602797858.1287355,2783
1602797876.0906737,2784
1602797893.718166,2785
1602797911.9278402,2786
1602797929.94434,2787
1602797947.4602253,2788
1602797964.8118317,2789
1602797982.078387,2790
1602797999.3887584,2791
1602798016.9323854,2792
1602798034.524583,2793
1602798051.9115753,2794
1602798069.0420792,2795
1602798086.462414,2796
1602798103.8584387,2797
1602798121.539004,2798
1602798138.7628303,2799
1602798156.1486714,2800
1602798173.5368314,2801
1602798191.2412095,2802
1602798209.4323726,2803
1602798226.9379706,2804
1602798244.6853805,2805
1602798262.0814822,2806
1602798279.319388,2807
1602798296.9701152,2808
1602798314.5442593,2809
1602798332.0471714,2810
1602798349.4488175,2811
1602798366.6155822,2812
1602798366.6155875,2812
1602798384.1443,2813
1602798401.4592955,2814
1602798418.951634,2815
1602798436.5657904,2816
1602798437.6187048,2817
1602798454.752434,2818
1602798471.9748037,2819
1602798489.3361778,2820
1602798506.432262,2821
1602798524.420952,2822
1602798541.8742473,2823
1602798559.2627492,2824
1602798577.8922594,2825
1602798595.600001,2826
1602798613.347823,2827
1602798631.2489254,2828
1602798632.3971303,2829
1602798649.7383704,2830
1602798668.431377,2831
1602798686.1170983,2832
1602798688.519147,2833
1602798689.8924518,2834
1602798708.3404481,2835
1602798725.8178868,2836
1602798743.0962732,2837
1602798744.1572475,2838
1602798761.5953047,2839
1602798778.784609,2840
1602798796.2554963,2841
1602798799.0678387,2842
1602798816.4926944,2843
1602798834.0718386,2844
1602798851.35755,2845
1602798868.8122082,2846
1602798886.5445445,2847
1602798903.9418652,2848
1602798921.3249483,2849
1602798939.1366498,2850
1602798956.9148362,2851
1602798957.990758,2852
1602798975.324657,2853
1602798992.6773953,2854
1602799009.8173294,2855
1602799027.1881692,2856
1602799044.7091937,2857
1602799062.064936,2858
1602799079.3136642,2859
1602799096.4028563,2860
1602799113.9946713,2861
1602799131.1200082,2862
1602799148.118135,2863
1602799165.3105361,2864
1602799182.824076,2865
1602799200.269452,2866
1602799217.7072954,2867
1602799235.4839523,2868
1602799253.753146,2869
1602799271.2582529,2870
1602799288.7480855,2871
1602799306.4019606,2872
1602799323.7812088,2873
1602799325.5032241,2874
1602799342.9827998,2875
1602799361.5621104,2876
1602799378.7526743,2877
1602799396.018363,2878
1602799414.1679826,2879
1602799431.6443608,2880
1602799449.1694338,2881
1602799466.5409706,2882
1602799483.9451742,2883
1602799501.0180063,2884
1602799518.2416952,2885
1602799535.4758837,2886
1602799553.0132673,2887
1602799570.7018332,2888
1602799589.0201724,2889
1602799606.5069926,2890
1602799623.9530864,2891
1602799640.9488003,2892
1602799658.2618487,2893
1602799675.6028337,2894
1602799692.9701262,2895
1602799710.4880679,2896
1602799727.6927383,2897
1602799745.2232904,2898
1602799762.417566,2899
1602799779.4333048,2900
1602799797.1181495,2901
1602799814.6993635,2902
1602799832.301608,2903
1602799850.6494164,2904
1602799869.1383748,2905
1602799887.728292,2906
1602799906.5936964,2907
1602799908.5329247,2908
1602799927.753627,2909
1602799946.5990775,2910
1602799960.6666412,2911
1602799979.0989428,2912
1602799996.2468507,2913
1602800013.1259828,2914
1602800030.3669832,2915
1602800047.7013745,2916
1602800065.3172808,2917
1602800082.8552332,2918
1602800100.334596,2919
1602800117.726601,2920
1602800135.3182569,2921
1602800152.665101,2922
1602800169.9560034,2923
1602800169.9560084,2923
1602800187.5963728,2924
1602800205.0592854,2925
1602800222.3436444,2926
1602800239.5069017,2927
1602800256.6647215,2928
1602800274.43239,2929
1602800291.7960932,2930
1602800309.5899312,2931
1602800327.4329877,2932
1602800344.4614284,2933
1602800361.2838545,2934
1602800378.6995285,2935
1602800395.8463924,2936
1602800413.1308658,2937
1602800414.2456422,2938
1602800431.940038,2939
1602800449.4759452,2940
1602800466.9514482,2941
1602800484.6654682,2942
1602800485.6448295,2943
1602800488.8133128,2944
1602800506.5435593,2945
1602800524.4880955,2946
1602800526.3424003,2947
1602800527.4072576,2948
1602800545.012957,2949
1602800562.3054676,2950
1602800579.5489287,2951
1602800596.7594006,2952
1602800614.570227,2953
1602800632.8483295,2954
1602800650.6405013,2955
1602800667.8668616,2956
1602800685.389842,2957
1602800703.2946122,2958
1602800720.8456264,2959
1602800738.2263665,2960
1602800755.723166,2961
1602800773.6644816,2962
1602800790.6626644,2963
1602800796.943399,2964
1602800814.53634,2965
1602800831.7136576,2966
1602800848.8963192,2967
1602800851.4455569,2968
1602800869.6848786,2969
1602800888.1819482,2970
1602800905.8583186,2971
1602800922.9746656,2972
1602800940.2775311,2973
1602800957.6443202,2974
1602800974.9015782,2975
1602800992.1604378,2976
1602801010.5348318,2977
1602801027.9060733,2978
1602801045.6372013,2979
1602801063.4105194,2980
1602801074.5932405,2981
1602801092.037201,2982
1602801109.8086133,2983
1602801127.2988005,2984
1602801145.5010874,2985
1602801163.5494652,2986
1602801180.9833338,2987
1602801198.4844315,2988
1602801215.962487,2989
1602801233.254369,2990
1602801250.6654382,2991
1602801268.1403403,2992
1602801285.1154764,2993
1602801302.1871295,2994
1602801319.9789574,2995
1602801337.0698016,2996
1602801354.6549942,2997
1602801372.1225276,2998
1602801389.0296512,2999
1602801406.0210693,3000
1602801423.3676152,3001
1602801440.7994742,3002
1602801458.123382,3003
1602801475.6239657,3004
1602801493.077193,3005
1602801510.5026414,3006
1602801528.0852752,3007
1602801545.4703522,3008
1602801563.37853,3009
1602801581.4143388,3010
1602801599.0041914,3011
1602801617.2608395,3012
1602801634.4881966,3013
1602801651.639533,3014
1602801652.7039762,3015
1602801670.9398575,3016
1602801688.7803671,3017
1602801706.6089785,3018
1602801724.0851758,3019
1602801741.7018588,3020
1602801759.0154312,3021
1602801776.2456195,3022
1602801793.530107,3023
1602801811.0007591,3024
1602801815.99392,3025
1602801833.3677878,3026
1602801850.4857044,3027
1602801852.0976582,3028
1602801869.596807,3029
1602801887.2941544,3030
1602801890.3012881,3031
1602801907.5712023,3032
1602801924.8932726,3033
1602801929.3385258,3034
1602801946.3815925,3035
1602801963.7012155,3036
1602801980.928435,3037
1602801980.928441,3037
1602801999.1492212,3038
1602802016.530617,3039
1602802018.1628551,3040
1602802035.3005693,3041
1602802053.2216322,3042
1602802072.179577,3043
1602802090.2961516,3044
1602802107.5483863,3045
1602802124.8890567,3046
1602802142.2616417,3047
1602802160.638169,3048
1602802162.4372406,3049
1602802180.0061452,3050
1602802197.6093102,3051
1602802214.9197547,3052
1602802232.3544354,3053
1602802249.7443826,3054
1602802267.306936,3055
1602802284.8707705,3056
1602802285.8924444,3057
1602802303.7252295,3058
1602802305.5303228,3059
1602802323.1126165,3060
1602802325.7853281,3061
1602802343.4725237,3062
1602802360.6045218,3063
1602802378.0362263,3064
1602802395.893346,3065
1602802414.0158584,3066
1602802431.2330348,3067
1602802448.6206143,3068
1602802466.3897672,3069
1602802484.3101,3070
1602802501.5450084,3071
1602802502.5235972,3072
1602802519.9682837,3073
1602802537.3162866,3074
1602802554.5242777,3075
1602802572.7411041,3076
1602802589.9820483,3077
1602802607.2082539,3078
1602802624.7812755,3079
1602802642.461176,3080
1602802648.258603,3081
1602802665.6768303,3082
1602802683.3030272,3083
1602802701.1485283,3084
1602802718.5649326,3085
1602802736.2903347,3086
1602802738.2150805,3087
1602802755.628346,3088
1602802772.9477417,3089
1602802778.2659056,3090
1602802795.6027806,3091
1602802797.4036367,3092
1602802815.134389,3093
1602802832.960329,3094
1602802837.2104688,3095
1602802855.0286047,3096
1602802872.8159273,3097
1602802890.5614538,3098
1602802908.167316,3099
1602802926.9630425,3100
1602802946.2560742,3101
1602802963.8700483,3102
1602802981.677475,3103
1602802999.1528063,3104
1602803016.5627952,3105
1602803034.5953,3106
1602803052.4939764,3107
1602803070.208246,3108
1602803088.6230605,3109
1602803106.5618966,3110
1602803124.6571393,3111
1602803142.7506459,3112
1602803161.104453,3113
1602803179.42417,3114
1602803196.8824303,3115
1602803214.981794,3116
1602803234.4669306,3117
1602803253.524868,3118
1602803271.3298275,3119
1602803288.794375,3120
1602803306.4905803,3121
1602803323.976011,3122
1602803341.583547,3123
1602803359.0679736,3124
1602803376.344681,3125
1602803393.7201765,3126
1602803411.4036798,3127
1602803428.8910496,3128
1602803446.1149297,3129
1602803463.0525558,3130
1602803481.5337543,3131
1602803499.6006076,3132
1602803502.8923318,3133
1602803520.387818,3134
1602803537.7341108,3135
1602803540.8800898,3136
1602803558.4279532,3137
1602803576.1286564,3138
1602803594.7425723,3139
1602803605.6336606,3140
1602803623.1358345,3141
1602803640.8579419,3142
1602803658.1727858,3143
1602803675.668724,3144
1602803692.7648287,3145
1602803710.3690927,3146
1602803727.6863136,3147
1602803744.7384074,3148
1602803762.9191217,3149
1602803780.8914788,3150
1602803798.4004002,3151
1602803798.400405,3151
1602803815.8998184,3152
1602803833.6142752,3153
1602803840.0639083,3154
1602803857.9517612,3155
1602803875.9118059,3156
1602803893.5844538,3157
1602803910.9873805,3158
1602803928.5174475,3159
1602803946.2946913,3160
1602803964.1341069,3161
1602803981.6240516,3162
1602803999.3674526,3163
1602804016.829957,3164
1602804034.2944622,3165
1602804051.7464044,3166
1602804069.0185854,3167
1602804086.4284863,3168
1602804104.460743,3169
1602804122.1870954,3170
1602804140.1644838,3171
1602804146.7802985,3172
1602804164.0060904,3173
1602804181.4541545,3174
1602804198.8379743,3175
1602804216.466746,3176
1602804233.9375985,3177
1602804251.292222,3178
1602804268.7537084,3179
1602804286.1835105,3180
1602804303.6758523,3181
1602804321.492422,3182
1602804339.3785145,3183
1602804356.8332675,3184
1602804374.3832371,3185
1602804391.841465,3186
1602804409.3418753,3187
1602804427.0088165,3188
1602804444.5361705,3189
1602804462.0883753,3190
1602804479.7512698,3191
1602804497.7624376,3192
1602804515.85496,3193
1602804532.9024224,3194
1602804550.3459601,3195
1602804567.9057841,3196
1602804585.5597382,3197
1602804603.3246617,3198
1602804621.1100276,3199
1602804623.0225425,3200
1602804623.9967017,3201
1602804626.7219822,3202
1602804644.2927501,3203
1602804645.37039,3204
1602804646.4360356,3205
1602804647.9310963,3206
1602804665.3635008,3207
1602804682.9386222,3208
1602804700.6733541,3209
1602804702.4962955,3210
1602804720.1410906,3211
1602804737.6597142,3212
1602804755.294529,3213
1602804756.3399978,3214
1602804774.171819,3215
1602804791.7682972,3216
1602804809.1383433,3217
1602804826.5423174,3218
1602804827.8655221,3219
1602804845.6164882,3220
1602804864.4656823,3221
1602804866.114424,3222
1602804883.7957423,3223
1602804901.3600755,3224
1602804902.5939941,3225
1602804920.697229,3226
1602804923.4881418,3227
1602804941.3249793,3228
1602804942.6238272,3229
1602804960.3295562,3230
1602804978.1679304,3231
1602804979.6001904,3232
1602804997.7088888,3233
1602805015.3956397,3234
1602805016.6903894,3235
1602805018.3320196,3236
1602805019.5644975,3237
1602805037.201924,3238
1602805038.5713696,3239
1602805039.9122303,3240
1602805042.6655111,3241
1602805048.578719,3242
1602805049.8860343,3243
1602805052.8449833,3244
1602805054.4757628,3245
1602805057.9383216,3246
1602805075.5176818,3247
1602805077.5596387,3248
1602805079.7168117,3249
1602805097.517993,3250
1602805099.148704,3251
1602805116.72535,3252
1602805119.9841697,3253
1602805121.5794203,3254
1602805122.3838656,3255
1602805140.007059,3256
1602805157.84541,3257
1602805159.2466862,3258
1602805160.7983656,3259
1602805162.3866131,3260
1602805164.0836213,3261
1602805170.6827223,3262
1602805173.336374,3263
1602805175.41676,3264
1602805193.258351,3265
1602805195.531186,3266
1602805213.6344519,3267
1602805215.8692784,3268
1602805233.5344303,3269
1602805237.493251,3270
1602805239.6347094,3271
1602805241.31838,3272
1602805244.1056993,3273
1602805245.9870288,3274
1602805248.4076498,3275
1602805250.937734,3276
1602805252.9291544,3277
1602805255.0864654,3278
1602805257.649334,3279
1602805259.7993467,3280
1602805277.3460348,3281
1602805280.46609,3282
1602805298.284952,3283
1602805316.1196856,3284
1602805333.7815018,3285
1602805337.4477756,3286
1602805339.3070304,3287
1602805357.173958,3288
1602805371.933585,3289
1602805374.8122458,3290
1602805380.3169441,3291
1602805381.5967863,3292
1602805384.6739097,3293
1602805387.5116556,3294
1602805405.211606,3295
1602805422.9539268,3296
1602805424.7391603,3297
1602805426.362377,3298
1602805431.959667,3299
1602805439.4213858,3300
1602805441.4068472,3301
1602805444.289456,3302
1602805445.9778943,3303
1602805447.7113366,3304
1602805449.3365078,3305
1602805454.0385532,3306
1602805457.3126657,3307
1602805459.701952,3308
1602805473.4984167,3309
1602805491.69753,3310
1602805494.9214277,3311
1602805512.8073983,3312
1602805520.242173,3313
1602805537.9954238,3314
1602805556.391398,3315
1602805575.1838143,3316
1602805593.2259588,3317
1602805610.8975325,3318
1602805610.8975375,3318
1602805629.4035711,3319
1602805648.6734915,3320
1602805668.2623532,3321
1602805685.90042,3322
1602805703.8412638,3323
1602805721.7531111,3324
1602805725.8234777,3325
1602805728.0962775,3326
1602805731.7927396,3327
1602805738.645941,3328
1602805740.1080022,3329
1602805743.4268563,3330
1602805747.1117299,3331
1602805764.9186401,3332
1602805768.027733,3333
1602805785.7170205,3334
1602805794.9313123,3335
1602805796.562906,3336
1602805799.8310127,3337
1602805803.0005708,3338
1602805806.3206043,3339
1602805809.4480593,3340
1602805827.4442647,3341
1602805829.7722244,3342
1602805832.8615553,3343
1602805850.525699,3344
1602805856.0668325,3345
1602805874.289702,3346
1602805875.842085,3347
1602805894.0717552,3348
1602805895.757297,3349
1602805897.9173303,3350
1602805901.0900376,3351
1602805903.1756413,3352
1602805921.2413652,3353
1602805939.347964,3354
1602805957.3816514,3355
1602805958.735408,3356
1602805976.7228818,3357
1602805995.2501118,3358
1602806013.2482278,3359
1602806014.5833406,3360
1602806033.440576,3361
1602806051.6235301,3362
1602806070.3620799,3363
1602806088.7587318,3364
1602806106.8462162,3365
1602806124.8978395,3366
1602806143.2574456,3367
1602806161.2633529,3368
1602806179.3408806,3369
1602806197.740899,3370
1602806216.1101031,3371
1602806234.0312133,3372
1602806252.0141742,3373
1602806270.650178,3374
1602806288.7831888,3375
1602806307.0795932,3376
1602806325.5643795,3377
1602806343.8798983,3378
1602806350.3521712,3379
1602806352.9186232,3380
1602806370.8591108,3381
1602806389.0478969,3382
1602806407.051977,3383
1602806425.0197215,3384
1602806443.6878917,3385
1602806462.6756916,3386
1602806481.0977044,3387
1602806499.3247356,3388
1602806517.6938066,3389
1602806535.8822246,3390
1602806554.4769368,3391
1602806572.5479856,3392
1602806591.331489,3393
1602806610.1312442,3394
1602806628.8261437,3395
1602806648.2688181,3396
1602806650.9092968,3397
1602806653.5420172,3398
1602806671.7770593,3399
1602806690.2273777,3400
1602806708.4212534,3401
1602806727.2795732,3402
1602806745.7909386,3403
1602806763.9275286,3404
1602806783.3473969,3405
1602806801.1748295,3406
1602806819.0827138,3407
1602806837.3659945,3408
1602806855.5527346,3409
1602806873.9499462,3410
1602806892.0429175,3411
1602806910.2110348,3412
1602806928.1030478,3413
1602806945.9297204,3414
1602806964.15586,3415
1602806982.8589416,3416
1602807000.91652,3417
1602807018.9830947,3418
1602807037.2423637,3419
1602807055.3967338,3420
1602807073.5240014,3421
1602807091.288316,3422
1602807109.3648503,3423
1602807127.1905236,3424
1602807145.1662593,3425
1602807163.6443899,3426
1602807181.7579844,3427
1602807200.2026718,3428
1602807218.4466858,3429
1602807237.0821176,3430
1602807255.0704505,3431
1602807273.2132955,3432
1602807291.2007475,3433
1602807309.297258,3434
1602807327.2626078,3435
1602807345.064412,3436
1602807348.2841425,3437
1602807366.7054217,3438
1602807384.6148,3439
1602807402.2254448,3440
1602807420.138637,3441
1602807420.1386445,3441
1602807438.1744654,3442
1602807455.9869697,3443
1602807474.2123642,3444
1602807493.1094825,3445
1602807511.6287584,3446
1602807529.6455574,3447
1602807548.4152033,3448
1602807566.442403,3449
1602807584.799903,3450
1602807602.6455045,3451
1602807620.6731765,3452
1602807638.8503027,3453
1602807656.947788,3454
1602807675.0492053,3455
1602807693.0654778,3456
1602807711.3353333,3457
1602807729.5533907,3458
1602807730.8444736,3459
1602807748.883175,3460
1602807766.987906,3461
1602807785.1833339,3462
1602807805.0512056,3463
1602807823.9184687,3464
1602807843.0544105,3465
1602807862.2900138,3466
1602807880.7321398,3467
1602807899.1091976,3468
1602807917.0479383,3469
1602807935.0012808,3470
1602807953.1431663,3471
1602807964.2795274,3472
1602807981.8717108,3473
1602807999.8839393,3474
1602808018.9315524,3475
1602808036.9471798,3476
1602808055.0045366,3477
1602808073.30104,3478
1602808091.985537,3479
1602808110.4598408,3480
1602808128.6699939,3481
1602808147.2886448,3482
1602808165.3721352,3483
1602808183.4053864,3484
1602808201.706005,3485
1602808220.0288756,3486
1602808238.1353161,3487
1602808256.3051429,3488
1602808274.3519292,3489
1602808276.3247356,3490
1602808294.8647983,3491
1602808313.0587034,3492
1602808331.3541398,3493
1602808349.7208092,3494
1602808368.8643556,3495
1602808387.2022192,3496
1602808405.4467492,3497
1602808423.7286718,3498
1602808441.964879,3499
1602808460.5356138,3500
1602808478.6709204,3501
1602808498.2079525,3502
1602808516.4339736,3503
1602808534.7154927,3504
1602808553.042563,3505
1602808571.3265548,3506
1602808589.3260639,3507
1602808607.4658864,3508
1602808626.47948,3509
1602808646.1106086,3510
1602808665.3439677,3511
1602808683.5590487,3512
1602808701.7678645,3513
1602808719.980619,3514
1602808738.6899486,3515
1602808757.034198,3516
1602808775.7149591,3517
1602808794.4164195,3518
1602808812.801458,3519
1602808831.0467188,3520
1602808849.5415998,3521
1602808867.5738106,3522
1602808885.6147666,3523
1602808903.5797575,3524
1602808922.0951126,3525
1602808940.5243268,3526
1602808958.420217,3527
1602808976.2658823,3528
1602808994.9758992,3529
1602809013.4602296,3530
1602809032.1688244,3531
1602809050.1482008,3532
1602809068.1383727,3533
1602809086.6626155,3534
1602809104.3843555,3535
1602809122.5686557,3536
1602809140.9990373,3537
1602809159.199107,3538
1602809177.7008398,3539
1602809195.9291983,3540
1602809214.1075504,3541
1602809232.4858158,3542
1602809232.4858215,3542
1602809251.347932,3543
1602809269.6308632,3544
1602809287.8433726,3545
1602809306.3243093,3546
1602809324.7513402,3547
1602809343.2093952,3548
1602809361.6234958,3549
1602809380.0134082,3550
1602809398.6060925,3551
1602809416.692596,3552
1602809434.7621546,3553
1602809452.819492,3554
1602809470.815462,3555
1602809489.4374685,3556
1602809507.7804427,3557
1602809526.0105655,3558
1602809544.365398,3559
1602809563.2667558,3560
1602809581.5041785,3561
1602809599.7862656,3562
1602809618.153887,3563
1602809636.2107947,3564
1602809654.3951705,3565
1602809673.0573575,3566
1602809691.8820872,3567
1602809709.8949747,3568
1602809728.1529949,3569
1602809746.5619483,3570
1602809764.637808,3571
1602809782.7161574,3572
1602809800.9151473,3573
1602809819.459825,3574
1602809837.7686768,3575
1602809855.922261,3576
1602809874.2152612,3577
1602809892.6555016,3578
1602809911.802851,3579
1602809930.1619322,3580
1602809948.6748724,3581
1602809967.1631045,3582
1602809985.6923702,3583
1602810004.9609237,3584
1602810023.5672295,3585
1602810041.5744662,3586
1602810060.4018943,3587
1602810079.5912895,3588
1602810097.7448037,3589
1602810115.8365457,3590
1602810133.7706394,3591
1602810153.1754363,3592
1602810172.0664299,3593
1602810190.7305899,3594
1602810208.7779052,3595
1602810226.9286568,3596
1602810245.6678133,3597
1602810264.1178343,3598
1602810282.5697856,3599
1602810300.865084,3600
1602810318.7749786,3601
1602810327.9176226,3602
1602810345.9727068,3603
1602810363.9269161,3604
1602810381.8786364,3605
1602810399.995932,3606
1602810418.6195083,3607
1602810436.4705207,3608
1602810454.5758502,3609
1602810473.0499084,3610
1602810491.9616773,3611
1602810493.999049,3612
1602810512.8690684,3613
1602810530.7990355,3614
1602810548.5975733,3615
1602810566.7453096,3616
1602810585.0369482,3617
1602810603.109958,3618
1602810621.1633246,3619
1602810639.381024,3620
1602810657.852079,3621
1602810675.8767498,3622
1602810694.586084,3623
1602810713.0126352,3624
1602810731.211209,3625
1602810749.59408,3626
1602810768.0673559,3627
1602810786.5884404,3628
1602810804.5997672,3629
1602810823.0634782,3630
1602810842.8803964,3631
1602810861.3146534,3632
1602810879.5709927,3633
1602810898.1023948,3634
1602810916.449591,3635
1602810934.8843017,3636
1602810953.9464328,3637
1602810972.3395834,3638
1602810990.9620183,3639
1602811009.1519306,3640
1602811027.2240286,3641
1602811045.403381,3642
1602811045.403386,3642
1602811063.9402661,3643
1602811082.5484247,3644
1602811100.858411,3645
1602811119.05653,3646
1602811137.2230618,3647
1602811155.6030807,3648
1602811174.5214558,3649
1602811192.62699,3650
1602811210.8739567,3651
1602811229.412137,3652
1602811247.6385388,3653
1602811265.9900975,3654
1602811284.2655532,3655
1602811302.682307,3656
1602811321.3054967,3657
1602811339.5224016,3658
1602811357.6761248,3659
1602811375.8284874,3660
1602811394.3148875,3661
1602811412.5453606,3662
1602811431.0730453,3663
1602811449.5418165,3664
1602811468.650623,3665
1602811487.7465827,3666
1602811506.6411786,3667
1602811525.6683605,3668
1602811544.3256814,3669
1602811562.487776,3670
1602811580.534165,3671
1602811598.8459444,3672
1602811617.2176204,3673
1602811635.5274217,3674
1602811653.6621735,3675
1602811671.8860981,3676
1602811690.8722413,3677
1602811709.5675616,3678
1602811728.916168,3679
1602811747.4921975,3680
1602811765.589259,3681
1602811784.108701,3682
1602811802.2296245,3683
1602811820.7928076,3684
1602811839.4167252,3685
1602811857.6973422,3686
1602811876.0486817,3687
1602811894.5767624,3688
1602811913.2324011,3689
1602811931.5988088,3690
1602811949.8654716,3691
1602811968.1760225,3692
1602811986.677768,3693
1602812005.2044537,3694
1602812023.6078186,3695
1602812042.1049337,3696
1602812060.6733248,3697
1602812079.122811,3698
1602812097.5341995,3699
1602812115.957641,3700
1602812134.2655468,3701
1602812152.7131486,3702
1602812171.1932256,3703
1602812189.4799354,3704
1602812208.61566,3705
1602812227.297048,3706
1602812245.5874023,3707
1602812264.063111,3708
1602812283.1578104,3709
1602812301.4096162,3710
1602812319.8188362,3711
1602812338.0051775,3712
1602812355.9665146,3713
1602812373.8328512,3714
1602812392.221429,3715
1602812411.2341602,3716
1602812429.9137497,3717
1602812448.3456504,3718
1602812467.056655,3719
1602812486.1845431,3720
1602812505.1052845,3721
1602812523.269761,3722
1602812541.7721288,3723
1602812559.8840458,3724
1602812578.2991793,3725
1602812597.7044404,3726
1602812616.1344442,3727
1602812634.569341,3728
1602812652.749999,3729
1602812671.8855462,3730
1602812690.2635243,3731
1602812708.6918902,3732
1602812727.2888484,3733
1602812745.6214879,3734
1602812764.2304437,3735
1602812783.4807014,3736
1602812802.3429058,3737
1602812820.7519147,3738
1602812839.3596418,3739
1602812857.6135757,3740
1602812857.6135805,3740
1602812876.2334383,3741
1602812894.6417832,3742
1602812913.038534,3743
1602812931.8936038,3744
1602812950.0827196,3745
1602812968.4562228,3746
1602812987.0554724,3747
1602813005.3956208,3748
1602813024.1033556,3749
1602813042.5636733,3750
1602813061.0379715,3751
1602813079.56153,3752
1602813098.1181014,3753
1602813116.7183464,3754
1602813135.1199062,3755
1602813153.3693252,3756
1602813172.0112004,3757
1602813190.381807,3758
1602813208.8704846,3759
1602813227.1526496,3760
1602813245.4900434,3761
1602813263.8810546,3762
1602813281.9490879,3763
1602813300.1001065,3764
1602813318.154453,3765
1602813336.2147028,3766
1602813354.4217994,3767
1602813372.6360993,3768
1602813390.771756,3769
1602813409.0452142,3770
1602813427.542644,3771
1602813445.9681196,3772
1602813464.3581793,3773
1602813482.4993188,3774
1602813500.9607763,3775
1602813519.397026,3776
1602813537.6271813,3777
1602813556.0133798,3778
1602813574.2873764,3779
1602813592.7120714,3780
1602813611.0252988,3781
1602813629.3547535,3782
1602813648.3260305,3783
1602813668.366166,3784
1602813686.70569,3785
1602813705.1120296,3786
1602813723.4631622,3787
1602813741.6295173,3788
1602813760.16134,3789
1602813779.0871713,3790
1602813797.656144,3791
1602813815.7956798,3792
1602813834.8356187,3793
1602813853.6074605,3794
1602813872.2477746,3795
1602813875.1015828,3796
1602813894.0337596,3797
1602813912.555492,3798
1602813931.324466,3799
1602813949.6750813,3800
1602813967.9646015,3801
1602813986.2468767,3802
1602814004.5486948,3803
1602814022.777916,3804
1602814041.3161073,3805
1602814059.6644537,3806
1602814078.3642592,3807
1602814096.7398577,3808
1602814114.888088,3809
1602814133.35797,3810
1602814151.9357736,3811
1602814170.3551598,3812
1602814188.938679,3813
1602814207.4013195,3814
1602814225.8518784,3815
1602814229.1157339,3816
1602814247.8889549,3817
1602814266.4745977,3818
1602814284.7085555,3819
1602814302.9908671,3820
1602814321.368513,3821
1602814339.6087432,3822
1602814357.959381,3823
1602814376.1414065,3824
1602814394.3402936,3825
1602814412.9005256,3826
1602814431.240053,3827
1602814449.9145749,3828
1602814468.3247905,3829
1602814469.9551272,3830
1602814488.2033875,3831
1602814506.5040214,3832
1602814525.0549302,3833
1602814543.400033,3834
1602814561.7868943,3835
1602814580.3251696,3836
1602814598.681534,3837
1602814617.0455163,3838
1602814635.3224094,3839
1602814653.9565961,3840
1602814672.5118299,3841
1602814672.5118353,3841
1602814690.8695848,3842
1602814709.221774,3843
1602814714.0764952,3844
1602814732.4813473,3845
1602814751.1239111,3846
1602814770.175156,3847
1602814788.8994994,3848
1602814807.749225,3849
1602814826.3010454,3850
1602814844.6483963,3851
1602814863.801562,3852
1602814883.0619771,3853
1602814902.569636,3854
1602814924.4282098,3855
1602814951.7622528,3856
1602814979.1736724,3857
1602815006.084406,3858
1602815035.3821762,3859
1602815063.0244641,3860
1602815084.4188697,3861
1602815107.5940251,3862
1602815134.230461,3863
1602815159.6098368,3864
1602815186.486411,3865
1602815212.257954,3866
1602815238.5513132,3867
1602815266.829865,3868
1602815293.8122854,3869
1602815313.0477357,3870
1602815341.4236333,3871
1602815363.2171247,3872
1602815384.460697,3873
1602815405.597574,3874
1602815426.6801424,3875
1602815447.840964,3876
1602815469.6499863,3877
1602815490.5962825,3878
1602815511.6469371,3879
1602815532.552852,3880
1602815554.211001,3881
1602815576.0014718,3882
1602815597.408336,3883
1602815618.8187206,3884
1602815621.0842478,3885
1602815642.3185167,3886
1602815661.3331666,3887
1602815683.8877263,3888
1602815685.9146976,3889
1602815707.8719406,3890
1602815709.3493032,3891
1602815711.358888,3892
1602815732.4490814,3893
1602815753.9358354,3894
1602815775.2182345,3895
1602815796.407616,3896
1602815816.9154696,3897
1602815836.7769666,3898
1602815838.4265337,3899
1602815858.3418748,3900
1602815879.363825,3901
1602815899.8678744,3902
1602815919.9018457,3903
1602815921.4959927,3904
1602815941.3137965,3905
1602815943.3474147,3906
1602815963.5192149,3907
1602815984.0126708,3908
1602816004.2839918,3909
1602816024.7680123,3910
1602816045.574341,3911
1602816071.9637032,3912
1602816099.3106074,3913
1602816124.8233938,3914
1602816150.1789103,3915
1602816175.6554177,3916
1602816179.8930883,3917
1602816204.4572394,3918
1602816229.3570974,3919
1602816254.7575243,3920
1602816279.7393324,3921
1602816300.9214396,3922
1602816327.91124,3923
1602816359.9075363,3924
1602816384.2305377,3925
1602816385.8975222,3926
1602816387.3527346,3927
1602816390.9509168,3928
1602816411.2708905,3929
1602816413.2798438,3930
1602816415.0279217,3931
1602816435.9329827,3932
1602816456.3266976,3933
1602816458.0230763,3934
1602816461.153544,3935
1602816481.1072497,3936
1602816481.107255,3936
